Item_Id,Low_Cap_Price
IT_265079,3191
IT_265087,2541
IT_265107,2773
IT_265139,2753
IT_265142,2391
IT_265144,2389
IT_265148,2963
IT_265156,2538
IT_265162,3115
IT_265170,977
IT_265175,2608
IT_265181,3123
IT_265183,3099
IT_265184,2690
IT_265196,3285
IT_265201,2928
IT_265205,2983
IT_265244,2541
IT_265255,2557
IT_265259,3179
IT_265264,2769
IT_265274,2330
IT_265275,2210
IT_265294,3145
IT_265315,3119
IT_265317,3231
IT_265332,2738
IT_265338,3099
IT_265339,2690
IT_265341,3099
IT_265349,2422
IT_265350,3284
IT_265360,3028
IT_265379,3211
IT_265382,3381
IT_265417,2773
IT_265448,2391
IT_265455,2963
IT_265482,2739
IT_265490,2690
IT_265495,2692
IT_265499,2421
IT_265500,3284
IT_265504,2926
IT_265507,3285
IT_265533,3199
IT_265566,2772
IT_265568,2212
IT_265575,2751
IT_265577,2963
IT_265581,3114
IT_265611,2877
IT_265615,3208
IT_265647,2544
IT_265697,3181
IT_265701,2955
IT_265702,2659
IT_265703,2389
IT_265720,3117
IT_265734,2608
IT_265736,3284
IT_265740,3123
IT_265742,2691
IT_265747,2691
IT_265751,3283
IT_265757,2983
IT_265792,3198
IT_265816,2545
IT_265819,3352
IT_265866,3192
IT_265869,2751
IT_265874,2659
IT_265880,2961
IT_265905,2608
IT_265911,3123
IT_265922,2927
IT_265927,2982
IT_265932,2983
IT_265935,2691
IT_265948,3207
IT_265966,3197
IT_265976,2540
IT_265999,3178
IT_266030,2207
IT_266056,2658
IT_266058,2955
IT_266060,2389
IT_266069,2961
IT_266096,716
IT_266103,2609
IT_266111,2690
IT_266115,2691
IT_266124,2927
IT_266128,2983
IT_266132,2877
IT_266137,2691
IT_266141,3114
IT_266155,3390
IT_266157,4803
IT_266166,3198
IT_266175,2541
IT_266188,2543
IT_266255,3163
IT_266258,2390
IT_266264,2962
IT_266281,3120
IT_266298,2609
IT_266299,3283
IT_266307,2690
IT_266318,3282
IT_266322,2927
IT_266324,3284
IT_266334,2691
IT_266338,3111
IT_266354,3814
IT_266366,3190
IT_266376,2540
IT_266402,2766
IT_266413,2200
IT_266453,2388
IT_266498,2608
IT_266499,3276
IT_266506,2690
IT_266514,3411
IT_266523,2926
IT_266532,2876
IT_266536,2691
IT_266537,2690
IT_266541,3112
IT_266556,4800
IT_266557,6189
IT_266571,2943
IT_266578,2806
IT_266594,2545
IT_266650,4938
IT_266665,2389
IT_266667,3067
IT_266671,2963
IT_266684,3114
IT_266700,2607
IT_266703,3283
IT_266715,3185
IT_266731,2982
IT_266741,2738
IT_266744,3284
IT_266752,3198
IT_266786,2755
IT_266806,2690
IT_266825,3816
IT_266833,3192
IT_266836,2943
IT_266842,2538
IT_266855,2544
IT_266915,4635
IT_266927,2751
IT_266950,2538
IT_266955,3121
IT_266974,2608
IT_266977,3283
IT_266981,3122
IT_266983,2690
IT_266988,2691
IT_266993,2421
IT_266994,3283
IT_266996,2927
IT_266999,3284
IT_267001,2982
IT_267003,2691
IT_267004,2690
IT_267019,3209
IT_267026,3436
IT_267049,2541
IT_267067,3352
IT_267121,2752
IT_267125,2389
IT_267130,2963
IT_267169,2690
IT_267181,3285
IT_267189,2690
IT_267194,2877
IT_267202,3209
IT_267243,3431
IT_267326,2768
IT_267328,2768
IT_267333,2499
IT_267401,3431
IT_267411,3137
IT_267468,2467
IT_267471,2844
IT_267474,2845
IT_267476,3043
IT_267495,3196
IT_267513,2687
IT_267517,3200
IT_267519,2906
IT_267534,3363
IT_267544,2768
IT_267555,3158
IT_267556,3288
IT_267599,2615
IT_267604,3432
IT_267652,2853
IT_267654,3218
IT_267656,2467
IT_267662,3039
IT_267707,2686
IT_267711,3199
IT_267713,2905
IT_267714,2768
IT_267721,3261
IT_267735,2765
IT_267764,6262
IT_267808,3430
IT_267819,3137
IT_267844,2265
IT_267885,2467
IT_267929,2686
IT_267932,3361
IT_267938,2905
IT_267939,2767
IT_267944,2769
IT_267945,3261
IT_267951,3360
IT_267954,3003
IT_267957,2765
IT_267970,3190
IT_268027,2849
IT_268040,3040
IT_268075,3488
IT_268107,3267
IT_268195,4760
IT_268249,2687
IT_268250,3359
IT_268256,3199
IT_268259,2768
IT_268265,3261
IT_268272,3359
IT_268275,3003
IT_268284,2768
IT_268285,2767
IT_268300,3288
IT_268323,3022
IT_268331,2616
IT_268364,3149
IT_268398,2823
IT_268400,2467
IT_268406,3040
IT_268447,2685
IT_268455,2768
IT_268463,2766
IT_268469,3002
IT_268472,2765
IT_268475,3060
IT_268476,3104
IT_268486,3184
IT_268497,9236
IT_268517,3022
IT_268552,3255
IT_268591,2275
IT_268630,3041
IT_268644,3182
IT_268651,3190
IT_268669,2686
IT_268672,3360
IT_268678,2767
IT_268683,2769
IT_268690,2498
IT_268695,3003
IT_268719,3176
IT_268734,3514
IT_268756,2615
IT_268834,3100
IT_268841,3040
IT_268890,3198
IT_268893,2768
IT_268904,3359
IT_268906,3002
IT_268909,3362
IT_268912,3104
IT_268958,3021
IT_268994,3144
IT_269018,3041
IT_269029,3182
IT_269056,2767
IT_269067,2499
IT_269105,3022
IT_269172,3040
IT_269213,2905
IT_269221,2769
IT_269236,3362
IT_269267,3268
IT_269290,2885
IT_269308,2285
IT_269317,3039
IT_269327,3184
IT_269384,3022
IT_269420,3245
IT_269451,2281
IT_269468,2374
IT_269520,2815
IT_269525,3198
IT_269528,2766
IT_269532,2768
IT_269540,3358
IT_269546,3361
IT_269559,3177
IT_269606,2615
IT_269639,2853
IT_269689,3042
IT_269705,3183
IT_269742,2765
IT_269748,3487
IT_269759,3362
IT_269769,2767
IT_269784,3161
IT_269785,3286
IT_269813,2615
IT_269834,2617
IT_269899,2438
IT_269900,2468
IT_269903,2578
IT_269907,3040
IT_269923,3183
IT_269943,3185
IT_269964,2765
IT_269969,2769
IT_269971,3486
IT_269976,3358
IT_269984,3104
IT_269996,3176
IT_270011,9235
IT_270025,3269
IT_270029,3270
IT_270036,2615
IT_270057,2617
IT_270086,3039
IT_270129,3361
IT_270157,3022
IT_270254,4755
IT_270264,2577
IT_270268,3039
IT_270282,3183
IT_270297,3183
IT_270330,2768
IT_270332,3486
IT_270341,2764
IT_270342,3361
IT_270394,3022
IT_270427,3431
IT_270428,2985
IT_270485,3040
IT_270500,3182
IT_270537,2765
IT_270543,2768
IT_270545,3486
IT_270549,3358
IT_270556,2765
IT_270566,2766
IT_270628,2849
IT_270642,3039
IT_270674,2767
IT_270675,3485
IT_270682,3360
IT_270716,3022
IT_270747,2616
IT_270839,3183
IT_270873,3355
IT_270887,3486
IT_270898,3361
IT_270943,3021
IT_270951,2615
IT_270974,2625
IT_270980,2984
IT_271071,3182
IT_271121,2999
IT_271158,3883
IT_271172,3022
IT_271207,3246
IT_271254,2831
IT_271308,2765
IT_271313,3259
IT_271349,3883
IT_271365,3022
IT_271437,3195
IT_271463,3041
IT_271517,3356
IT_271533,2764
IT_271538,2952
IT_271541,2999
IT_271604,2615
IT_271625,2622
IT_271664,2256
IT_271713,3183
IT_271758,2765
IT_271778,3361
IT_271801,2852
IT_271810,3287
IT_271832,3021
IT_271841,2614
IT_271903,3191
IT_271927,2832
IT_271990,2765
IT_271996,2766
IT_272007,3000
IT_272010,2764
IT_272026,3181
IT_272121,2951
IT_272146,3021
IT_272152,2614
IT_272264,3039
IT_272281,3182
IT_272321,2765
IT_272329,3487
IT_272333,3358
IT_272336,3000
IT_272339,3361
IT_272346,2766
IT_272351,3181
IT_272359,3285
IT_272368,3883
IT_272385,3022
IT_272495,3040
IT_272553,2764
IT_272568,3361
IT_272580,3180
IT_272583,2951
IT_272611,3100
IT_272682,3118
IT_272735,2843
IT_272757,2844
IT_272762,3257
IT_272795,3100
IT_272828,2700
IT_272902,3118
IT_272938,3264
IT_272958,2843
IT_272965,2843
IT_272973,3079
IT_272975,2842
IT_272995,3029
IT_273028,3099
IT_273133,2653
IT_273134,2656
IT_273138,3118
IT_273152,3261
IT_273194,2843
IT_273200,2843
IT_273221,2844
IT_273258,3100
IT_273327,5093
IT_273331,4829
IT_273334,2908
IT_273344,3118
IT_273355,3261
IT_273388,3564
IT_273413,2891
IT_273468,2917
IT_273555,2931
IT_273570,3348
IT_273571,3140
IT_273606,2700
IT_273617,2915
IT_273687,2545
IT_273714,3261
IT_273740,3002
IT_273757,3462
IT_273761,2843
IT_273768,2844
IT_273770,3564
IT_273780,3439
IT_273782,3181
IT_273795,3259
IT_273798,3029
IT_273828,3099
IT_273866,3055
IT_273926,3520
IT_273927,3225
IT_273928,2955
IT_273929,3334
IT_273930,3039
IT_273931,2769
IT_273954,3573
IT_273977,3261
IT_274019,3461
IT_274029,3564
IT_274035,3078
IT_274039,3439
IT_274074,3962
IT_274123,2697
IT_274215,3576
IT_274218,3118
IT_274220,3121
IT_274237,3115
IT_274241,3262
IT_274268,3003
IT_274282,3461
IT_274294,3564
IT_274305,3181
IT_274313,2844
IT_274318,3262
IT_274321,3029
IT_274327,3237
IT_274328,2933
IT_274332,3365
IT_274349,3347
IT_274354,3100
IT_274434,3075
IT_274439,3520
IT_274440,3226
IT_274441,2956
IT_274442,3335
IT_274443,3039
IT_274444,2770
IT_274463,3118
IT_274526,2843
IT_274533,2843
IT_274538,3435
IT_274562,3029
IT_274568,3238
IT_274571,3365
IT_274589,3347
IT_274594,3100
IT_274626,2964
IT_274629,2694
IT_274696,3519
IT_274697,3225
IT_274698,2955
IT_274722,3573
IT_274725,3117
IT_274748,3261
IT_274791,2843
IT_274808,2842
IT_274827,2891
IT_274857,3100
IT_274890,2699
IT_274919,2663
IT_274972,3261
IT_275004,2760
IT_275006,2892
IT_275013,2843
IT_275026,3078
IT_275029,2842
IT_275044,3267
IT_275054,3236
IT_275069,3347
IT_275097,2962
IT_275124,2325
IT_275136,3117
IT_275175,3565
IT_275211,3099
IT_275318,3574
IT_275343,3261
IT_275383,2760
IT_275392,2843
IT_275411,3439
IT_275413,3181
IT_275456,3348
IT_275460,3100
IT_275503,3063
IT_275597,3575
IT_275650,2843
IT_275658,3565
IT_275668,3439
IT_275671,3181
IT_275683,3271
IT_275713,3347
IT_275717,3100
IT_275758,3217
IT_275803,3518
IT_275804,3226
IT_275818,5189
IT_275825,3217
IT_275861,3260
IT_275903,3435
IT_275933,3130
IT_275942,3271
IT_275946,2891
IT_275952,2932
IT_275953,3364
IT_275976,3347
IT_275980,3100
IT_276067,3520
IT_276068,3225
IT_276069,2955
IT_276098,3118
IT_276123,2956
IT_276162,3434
IT_276167,2843
IT_276176,3565
IT_276177,2842
IT_276180,3434
IT_276188,3181
IT_276200,3273
IT_276204,2891
IT_276232,3347
IT_276236,3099
IT_276267,2700
IT_276278,2917
IT_276375,3260
IT_276422,2843
IT_276431,3561
IT_276442,2842
IT_276458,3273
IT_276485,3347
IT_276488,3100
IT_276527,2922
IT_276558,3218
IT_276569,3118
IT_276587,3113
IT_276590,3260
IT_276622,2760
IT_276631,2843
IT_276639,3565
IT_276650,3438
IT_276652,3181
IT_276670,3238
IT_276671,2931
IT_276672,3365
IT_276682,3348
IT_276685,3100
IT_276750,3118
IT_276781,2891
IT_276792,2843
IT_276797,2842
IT_276799,3181
IT_276805,3029
IT_276820,3348
IT_276824,3100
IT_276832,3229
IT_276833,2693
IT_276917,2921
IT_276920,2923
IT_276996,2843
IT_277005,3564
IT_277028,3273
IT_277032,2891
IT_277036,3238
IT_277043,3364
IT_277060,3348
IT_277063,3100
IT_277099,2693
IT_277170,3391
IT_277250,3077
IT_277256,3181
IT_277267,3029
IT_277273,2931
IT_277296,3349
IT_277300,3100
IT_277397,2816
IT_277407,3574
IT_277412,3118
IT_277483,2983
IT_277484,2843
IT_277497,3077
IT_277510,2844
IT_277517,2891
IT_277521,3237
IT_277541,3349
IT_277545,3100
IT_277553,2963
IT_277573,2964
IT_277618,2333
IT_277653,3219
IT_277664,3118
IT_277717,3265
IT_277729,2760
IT_277736,2983
IT_277748,2843
IT_277771,3029
IT_277772,2892
IT_277779,3364
IT_277796,3348
IT_277810,2691
IT_277891,3519
IT_277893,2955
IT_277919,3221
IT_277927,3118
IT_277974,3264
IT_277997,2843
IT_278007,2842
IT_278030,3274
IT_278041,3240
IT_278059,3348
IT_278095,2695
IT_278138,3519
IT_278140,2955
IT_278158,2815
IT_278193,3260
IT_278233,2843
IT_278244,3433
IT_278254,3180
IT_278265,3274
IT_278269,2891
IT_278272,3234
IT_278283,3347
IT_278319,2692
IT_278330,2649
IT_278353,3520
IT_278354,3225
IT_278394,2891
IT_278409,3434
IT_278413,3439
IT_278414,3180
IT_278422,3029
IT_278440,3349
IT_278452,2692
IT_278528,3225
IT_278581,3260
IT_278603,3262
IT_278609,3265
IT_278622,2760
IT_278648,2575
IT_278650,3438
IT_278663,3274
IT_278671,3238
IT_278695,3349
IT_278698,2831
IT_278779,3517
IT_278836,3261
IT_278875,2760
IT_278877,2891
IT_278899,2843
IT_278900,3439
IT_278903,3181
IT_278905,3129
IT_278914,3274
IT_278949,3349
IT_278962,2694
IT_278980,2963
IT_279037,2954
IT_279056,2427
IT_279096,3261
IT_279134,3435
IT_279141,2843
IT_279156,3076
IT_279167,3130
IT_279194,3365
IT_279213,3348
IT_279251,2694
IT_279299,2355
IT_279328,3141
IT_279340,3117
IT_279368,3262
IT_279422,2843
IT_279436,3439
IT_279439,3181
IT_279447,2575
IT_279468,3240
IT_279486,3349
IT_279499,2693
IT_279527,3054
IT_279596,2398
IT_279607,3574
IT_279611,3118
IT_279638,3261
IT_279685,2842
IT_279692,2843
IT_279697,3435
IT_279700,3076
IT_279705,3438
IT_279724,2891
IT_279753,3178
IT_279761,2770
IT_279783,2773
IT_279811,3147
IT_279814,3341
IT_279835,2493
IT_279840,2735
IT_279872,3339
IT_279903,2838
IT_279929,3516
IT_279947,3107
IT_279950,2969
IT_279958,3443
IT_280006,3196
IT_280037,2921
IT_280038,3642
IT_280050,3108
IT_280192,3339
IT_280220,944
IT_280225,3538
IT_280228,2921
IT_280236,3642
IT_280240,3155
IT_280244,3516
IT_280257,2970
IT_280282,3427
IT_280295,2770
IT_280318,2771
IT_280322,3140
IT_280399,3196
IT_280425,3339
IT_280459,3511
IT_280482,2921
IT_280495,3352
IT_280520,3427
IT_280532,2770
IT_280535,3027
IT_280556,3133
IT_280628,3339
IT_280678,3516
IT_280681,3108
IT_280685,3314
IT_280706,3427
IT_280709,3423
IT_280722,3027
IT_280740,2773
IT_280811,2500
IT_280848,3340
IT_280892,2922
IT_280899,2922
IT_280901,3644
IT_280905,2652
IT_280914,3259
IT_280925,3351
IT_280928,3107
IT_280956,3427
IT_280989,2775
IT_281089,3339
IT_281127,3512
IT_281130,3538
IT_281134,2921
IT_281146,2652
IT_281147,3514
IT_281161,3107
IT_281179,3318
IT_281180,3318
IT_281197,3427
IT_281200,3178
IT_281324,3339
IT_281349,1076
IT_281360,2922
IT_281375,3156
IT_281385,3107
IT_281390,3352
IT_281404,3318
IT_281414,3427
IT_281443,2776
IT_281473,3197
IT_281508,3643
IT_281514,3517
IT_281544,3427
IT_281558,3039
IT_281578,2773
IT_281579,2773
IT_281631,3033
IT_281681,3339
IT_281703,3343
IT_281718,2839
IT_281736,3644
IT_281743,3155
IT_281757,3516
IT_281760,3351
IT_281794,3427
IT_281807,2772
IT_281823,2772
IT_281875,3595
IT_281934,3340
IT_281957,3343
IT_281979,2922
IT_281987,3643
IT_281990,2652
IT_282010,3352
IT_282015,2970
IT_282026,3318
IT_282035,5037
IT_282058,2771
IT_282122,3304
IT_282145,2499
IT_282175,3339
IT_282215,3539
IT_282226,2921
IT_282234,3156
IT_282266,3319
IT_282285,3427
IT_282316,2775
IT_282379,2506
IT_282388,3197
IT_282412,3340
IT_282452,2839
IT_282457,3538
IT_282459,2922
IT_282467,3643
IT_282494,3352
IT_282499,2970
IT_282510,3319
IT_282525,3427
IT_282614,2439
IT_282622,3197
IT_282645,3339
IT_282666,3342
IT_282680,2839
IT_282687,3517
IT_282688,2922
IT_282701,3515
IT_282708,2921
IT_282723,3352
IT_282739,3320
IT_282748,3428
IT_282751,3179
IT_282763,2770
IT_282783,2773
IT_282817,5269
IT_282834,3198
IT_282865,3528
IT_282895,3538
IT_282898,2922
IT_282907,3643
IT_282911,2652
IT_282912,3515
IT_282916,3156
IT_282952,3427
IT_282955,3178
IT_282982,2773
IT_283014,3196
IT_283049,2922
IT_283050,3643
IT_283057,3517
IT_283086,3428
IT_283121,2773
IT_283185,2508
IT_283186,2627
IT_283220,3341
IT_283241,3344
IT_283265,2922
IT_283292,3517
IT_283304,3320
IT_283327,2909
IT_283421,2572
IT_283431,3197
IT_283495,2922
IT_283525,2970
IT_283545,3427
IT_283548,2909
IT_283579,2775
IT_283602,2578
IT_283611,2489
IT_283680,2962
IT_283686,3156
IT_283721,3179
IT_283750,2774
IT_283751,2773
IT_283798,2615
IT_283807,3197
IT_283829,3340
IT_283848,911
IT_283863,2922
IT_283874,2652
IT_283879,3157
IT_283885,3259
IT_283903,3317
IT_283919,3427
IT_283921,3178
IT_283932,2772
IT_283937,3033
IT_283951,2775
IT_284000,2585
IT_284001,2627
IT_284006,3196
IT_284081,2921
IT_284084,2652
IT_284089,2921
IT_284145,3033
IT_284159,3040
IT_284204,3033
IT_284231,3197
IT_284271,3341
IT_284283,2839
IT_284291,2922
IT_284297,3643
IT_284301,2652
IT_284310,3516
IT_284313,3259
IT_284334,3315
IT_284350,2909
IT_284360,3032
IT_284374,2775
IT_284390,2578
IT_284400,3195
IT_284420,3342
IT_284436,2923
IT_284437,3643
IT_284449,3516
IT_284474,3428
IT_284478,3178
IT_284507,2774
IT_284508,2775
IT_284540,2450
IT_284541,2578
IT_284555,3597
IT_284557,3033
IT_284566,5173
IT_284578,2616
IT_284612,3339
IT_284637,3342
IT_284649,2839
IT_284664,2922
IT_284665,3414
IT_284669,3515
IT_284675,3517
IT_284719,3427
IT_284723,3179
IT_284758,2775
IT_284791,2578
IT_284807,3598
IT_284808,3304
IT_284809,3033
IT_284830,2521
IT_284831,2628
IT_284863,3340
IT_284884,3342
IT_284944,3318
IT_284965,3427
IT_284968,3178
IT_284981,3033
IT_284998,2775
IT_285029,2744
IT_285048,3597
IT_285049,3304
IT_285069,2505
IT_285070,2628
IT_285099,3340
IT_285145,2923
IT_285147,3644
IT_285151,2653
IT_285156,3156
IT_285169,2923
IT_285178,2970
IT_285195,3317
IT_285240,3042
IT_285242,2774
IT_285255,3001
IT_285343,3340
IT_285372,2839
IT_285388,3643
IT_285392,2653
IT_285446,3427
IT_285480,2773
IT_285537,2505
IT_285538,2629
IT_285542,3654
IT_285568,3340
IT_285608,2922
IT_285619,2652
IT_285624,3156
IT_285628,3516
IT_285645,3350
IT_285653,3316
IT_285660,3320
IT_285800,3340
IT_285840,2646
IT_285848,2921
IT_285849,3517
IT_285863,3351
IT_285877,3319
IT_285953,2923
IT_285954,3643
IT_285957,3515
IT_285961,3259
IT_285971,3316
IT_285985,3505
IT_285998,2849
IT_286018,2853
IT_286086,3276
IT_286108,3419
IT_286156,3722
IT_286160,2731
IT_286184,3429
IT_286190,3394
IT_286217,3257
IT_286231,3112
IT_286244,3119
IT_286270,2718
IT_286274,2658
IT_286320,3275
IT_286344,3419
IT_286386,3000
IT_286443,3506
IT_286495,2820
IT_286529,2512
IT_286558,3419
IT_286602,3001
IT_286605,3186
IT_286625,3187
IT_286632,3048
IT_286645,3396
IT_286660,3258
IT_286695,2272
IT_286696,2817
IT_286736,3275
IT_286757,3419
IT_286774,3420
IT_286799,3234
IT_286822,3368
IT_286840,3505
IT_286843,3257
IT_286915,3111
IT_286930,2622
IT_286939,3276
IT_286961,3419
IT_287002,3722
IT_287005,2730
IT_287006,3594
IT_287014,3000
IT_287016,3595
IT_287026,3429
IT_287050,3506
IT_287053,3257
IT_287067,3112
IT_287135,2681
IT_287137,2807
IT_287143,3275
IT_287149,3422
IT_287177,3420
IT_287199,3001
IT_287204,3594
IT_287208,3234
IT_287210,3000
IT_287218,3288
IT_287221,3595
IT_287249,3256
IT_287296,3275
IT_287309,3159
IT_287327,3722
IT_287342,3396
IT_287343,3734
IT_287345,3506
IT_287348,3256
IT_287436,3420
IT_287453,3089
IT_287461,3506
IT_287464,3505
IT_287468,3256
IT_287496,2852
IT_287545,2684
IT_287591,3420
IT_287632,3048
IT_287652,3505
IT_287656,3257
IT_287681,3120
IT_287788,3420
IT_287806,3001
IT_287814,3722
IT_287853,3396
IT_287865,3506
IT_287868,3257
IT_287877,2850
IT_287895,3120
IT_287920,2273
IT_287981,3275
IT_287984,3420
IT_288002,3420
IT_288032,3722
IT_288039,3234
IT_288041,3289
IT_288057,3429
IT_288060,3187
IT_288086,3505
IT_288090,3256
IT_288118,3119
IT_288121,2851
IT_288125,3668
IT_288140,2272
IT_288169,2706
IT_288178,3278
IT_288201,3418
IT_288221,3420
IT_288243,3000
IT_288252,3721
IT_288278,3429
IT_288289,3398
IT_288292,3395
IT_288302,3505
IT_288305,3256
IT_288382,3450
IT_288387,3731
IT_288390,3275
IT_288398,3422
IT_288404,3419
IT_288448,3409
IT_288449,3000
IT_288496,3506
IT_288499,3256
IT_288542,3275
IT_288545,3420
IT_288564,3044
IT_288578,3289
IT_288607,3505
IT_288610,3257
IT_288637,2855
IT_288757,2918
IT_288784,3595
IT_288801,3049
IT_288808,3395
IT_288819,3506
IT_288823,3257
IT_288914,3275
IT_288940,3419
IT_288981,3001
IT_288990,3000
IT_288997,3289
IT_288999,3595
IT_289011,3429
IT_289017,3089
IT_289034,3506
IT_289038,3257
IT_289121,3459
IT_289125,3731
IT_289129,3275
IT_289162,3421
IT_289197,3000
IT_289205,3722
IT_289215,3289
IT_289235,3049
IT_289252,3506
IT_289255,3506
IT_289348,3275
IT_289387,3420
IT_289403,3049
IT_289406,3618
IT_289408,3000
IT_289416,3494
IT_289417,3722
IT_289420,2731
IT_289456,3395
IT_289464,3505
IT_289467,3257
IT_289490,3238
IT_289493,2854
IT_289532,3448
IT_289541,3275
IT_289594,3000
IT_289605,3593
IT_289621,3430
IT_289640,3505
IT_289643,3257
IT_289674,2850
IT_289697,2658
IT_289731,2707
IT_289738,3275
IT_289771,3421
IT_289786,3618
IT_289788,3000
IT_289795,3722
IT_289808,3595
IT_289817,3000
IT_289839,3506
IT_289842,3257
IT_289861,2856
IT_289876,3275
IT_289909,3595
IT_289924,3396
IT_289933,3505
IT_289946,2851
IT_289965,2854
IT_289987,2271
IT_290084,3595
IT_290085,3001
IT_290093,3721
IT_290097,3595
IT_290115,3431
IT_290137,3506
IT_290150,2853
IT_290232,3480
IT_290241,3276
IT_290297,3593
IT_290306,3722
IT_290317,3595
IT_290327,3431
IT_290345,3507
IT_290352,3257
IT_290362,2853
IT_290401,2272
IT_290435,3058
IT_290439,3464
IT_290450,3277
IT_290520,3595
IT_290524,3289
IT_290534,3432
IT_290555,3506
IT_290559,3258
IT_290587,2854
IT_290613,2952
IT_290615,2385
IT_290643,3298
IT_290651,2810
IT_290693,3421
IT_290707,3618
IT_290714,3595
IT_290716,3235
IT_290734,3089
IT_290750,3505
IT_290778,2855
IT_290844,3276
IT_290896,3002
IT_290911,3432
IT_290921,3396
IT_290931,3506
IT_290960,3123
IT_291032,3276
IT_291046,3274
IT_291084,3722
IT_291092,3235
IT_291132,3506
IT_291156,2272
IT_291166,3275
IT_291195,3722
IT_291207,3595
IT_291224,3505
IT_291241,2851
IT_291256,2857
IT_291305,3482
IT_291306,2651
IT_291368,3001
IT_291401,3048
IT_291405,3398
IT_291433,3257
IT_291442,2851
IT_291443,2856
IT_291464,3490
IT_291513,3273
IT_291537,3421
IT_291540,3544
IT_291561,3592
IT_291565,3000
IT_291596,3431
IT_291620,3506
IT_291650,3127
IT_291697,4981
IT_291707,2648
IT_291708,2708
IT_291716,3275
IT_291786,3594
IT_291815,3399
IT_291837,3336
IT_291863,2933
IT_291883,2736
IT_291920,3355
IT_291947,3623
IT_291969,3079
IT_291975,3080
IT_291995,3080
IT_291997,3510
IT_292098,3550
IT_292103,3809
IT_292107,3354
IT_292151,3079
IT_292163,3672
IT_292215,3335
IT_292221,3191
IT_292315,3079
IT_292337,3510
IT_292353,3584
IT_292356,3335
IT_292390,2735
IT_292396,3124
IT_292408,3127
IT_292428,3266
IT_292440,3584
IT_292444,3150
IT_292467,3201
IT_292470,2936
IT_292486,2737
IT_292558,1070
IT_292573,3674
IT_292605,3510
IT_292610,3126
IT_292616,3476
IT_292684,2736
IT_292715,3545
IT_292716,2773
IT_292724,3354
IT_292769,3079
IT_292778,2810
IT_292781,3313
IT_292818,3584
IT_292831,3191
IT_292846,2933
IT_292951,3697
IT_292954,3079
IT_293013,3585
IT_293043,2932
IT_293078,3544
IT_293079,2784
IT_293085,3354
IT_293121,2997
IT_293128,3079
IT_293135,3801
IT_293151,3265
IT_293160,3266
IT_293166,3167
IT_293184,3585
IT_293197,2929
IT_293266,3558
IT_293267,2745
IT_293276,3355
IT_293322,3674
IT_293333,3673
IT_293336,3313
IT_293341,3673
IT_293376,3585
IT_293403,2937
IT_293453,2743
IT_293460,3355
IT_293501,3079
IT_293505,3080
IT_293527,3265
IT_293549,3585
IT_293579,2936
IT_293622,3674
IT_293629,3673
IT_293657,3584
IT_293669,2931
IT_293786,2996
IT_293794,3079
IT_293799,3080
IT_293801,3800
IT_293831,3167
IT_293850,3584
IT_293887,3577
IT_293933,2752
IT_293942,3353
IT_293945,3499
IT_294008,3313
IT_294024,3510
IT_294041,3585
IT_294057,2929
IT_294126,2784
IT_294133,3355
IT_294148,3498
IT_294178,3079
IT_294208,3510
IT_294273,3560
IT_294305,3376
IT_294306,3558
IT_294308,2787
IT_294313,3356
IT_294358,3080
IT_294366,3801
IT_294372,3314
IT_294382,3265
IT_294384,3079
IT_294388,3511
IT_294408,4196
IT_294428,2930
IT_294431,3191
IT_294490,2785
IT_294496,3354
IT_294542,3079
IT_294548,3800
IT_294554,3314
IT_294566,3265
IT_294626,2936
IT_294653,3557
IT_294654,2744
IT_294655,2788
IT_294704,3800
IT_294782,3354
IT_294787,3502
IT_294797,3127
IT_294804,3080
IT_294825,3587
IT_294854,2940
IT_294870,2735
IT_294886,3376
IT_294889,2784
IT_294916,3622
IT_294929,2997
IT_294936,3673
IT_294937,3080
IT_294945,3801
IT_294987,4196
IT_295007,2930
IT_295027,3204
IT_295050,2735
IT_295051,2466
IT_295072,3545
IT_295073,2651
IT_295080,3353
IT_295095,3498
IT_295103,3499
IT_295121,3127
IT_295130,3801
IT_295134,3777
IT_295207,2949
IT_295250,3559
IT_295251,2788
IT_295257,3356
IT_295296,3079
IT_295303,3800
IT_295308,3673
IT_295313,3315
IT_295322,3079
IT_295327,3511
IT_295389,3448
IT_295393,2740
IT_295395,2350
IT_295396,2738
IT_295423,3355
IT_295466,3080
IT_295479,3673
IT_295482,3314
IT_295483,3368
IT_295536,3192
IT_295595,3559
IT_295597,2785
IT_295637,3127
IT_295648,3081
IT_295654,3673
IT_295666,3367
IT_295713,2930
IT_295751,2735
IT_295752,2464
IT_295768,2774
IT_295783,3354
IT_295810,3080
IT_295815,3080
IT_295880,2935
IT_295903,3502
IT_295919,3801
IT_295920,3674
IT_295967,2931
IT_295968,2935
IT_295983,2349
IT_295992,5326
IT_296004,2893
IT_296043,3080
IT_296050,3081
IT_296057,3674
IT_296060,3314
IT_296196,3080
IT_296202,3572
IT_296225,3512
IT_296270,2936
IT_296275,3747
IT_296294,3553
IT_296301,3356
IT_296329,3079
IT_296366,3587
IT_296381,3191
IT_296392,2934
IT_296431,2785
IT_296432,2895
IT_296453,3506
IT_296460,1065
IT_296467,3674
IT_296474,3081
IT_296476,3801
IT_296484,3313
IT_296499,3511
IT_296538,3192
IT_296585,3376
IT_296590,3355
IT_296607,3501
IT_296613,3499
IT_296628,3080
IT_296630,3800
IT_296633,2810
IT_296638,3368
IT_296647,3079
IT_296649,3673
IT_296651,3511
IT_296654,3127
IT_296662,9546
IT_296729,3633
IT_296731,2863
IT_296735,3433
IT_296758,3158
IT_296764,3879
IT_296767,2889
IT_296770,3446
IT_296781,3589
IT_296807,3215
IT_296809,3433
IT_296820,3879
IT_296827,3679
IT_296855,3016
IT_296886,3214
IT_296889,3632
IT_296892,2975
IT_296919,3775
IT_296927,3879
IT_296932,3391
IT_296944,3158
IT_296949,3590
IT_297031,3879
IT_297034,2889
IT_297036,3391
IT_297046,3246
IT_297127,2867
IT_297134,3433
IT_297152,3581
IT_297171,3206
IT_297177,3881
IT_297193,3159
IT_297197,3589
IT_297215,3664
IT_297227,3013
IT_297264,2428
IT_297279,3213
IT_297282,2890
IT_297284,2976
IT_297311,3579
IT_297361,3205
IT_297403,3281
IT_297439,5410
IT_297449,2863
IT_297452,3890
IT_297454,3433
IT_297477,1148
IT_297488,3751
IT_297489,3346
IT_297492,3752
IT_297493,3158
IT_297501,3879
IT_297505,3752
IT_297508,3392
IT_297556,3011
IT_297591,2816
IT_297610,2976
IT_297614,3434
IT_297629,3580
IT_297640,3074
IT_297643,3751
IT_297645,3775
IT_297646,3158
IT_297661,3392
IT_297678,3205
IT_297687,3396
IT_297690,3664
IT_297753,3753
IT_297781,3569
IT_297795,3012
IT_297821,3214
IT_297824,3637
IT_297825,2930
IT_297828,2974
IT_297869,3158
IT_297880,3752
IT_297894,3344
IT_297918,3663
IT_297924,3290
IT_297929,3013
IT_297973,3214
IT_297982,3433
IT_297993,3580
IT_298010,3206
IT_298014,3776
IT_298015,3158
IT_298023,3879
IT_298028,3392
IT_298044,3205
IT_298059,3663
IT_298064,3848
IT_298090,3015
IT_298095,3654
IT_298106,2430
IT_298171,3159
IT_298182,3752
IT_298199,3159
IT_298254,3015
IT_298321,3584
IT_298342,3163
IT_298348,3159
IT_298366,3343
IT_298368,3159
IT_298371,3590
IT_298454,2974
IT_298474,3583
IT_298577,2799
IT_298610,3584
IT_298617,1174
IT_298623,3075
IT_298628,3590
IT_298629,3159
IT_298640,3751
IT_298650,3447
IT_298671,3664
IT_298725,3206
IT_298732,3879
IT_298734,3753
IT_298739,3753
IT_298785,3646
IT_298819,2939
IT_298821,2975
IT_298843,3577
IT_298880,3752
IT_298883,3391
IT_298887,3752
IT_298894,3343
IT_298899,3591
IT_298929,3012
IT_298941,3394
IT_299009,3159
IT_299036,3209
IT_299046,3663
IT_299085,2816
IT_299099,5408
IT_299110,3638
IT_299111,2886
IT_299118,3435
IT_299153,3159
IT_299158,3160
IT_299169,3392
IT_299205,3665
IT_299246,2430
IT_299247,2816
IT_299270,3637
IT_299304,3345
IT_299314,3159
IT_299316,3879
IT_299330,3447
IT_299354,3664
IT_299371,3567
IT_299383,3283
IT_299399,2816
IT_299417,2863
IT_299421,3432
IT_299455,3590
IT_299457,3158
IT_299473,3392
IT_299483,3446
IT_299491,3590
IT_299494,3205
IT_299546,2816
IT_299573,2970
IT_299576,3433
IT_299589,3699
IT_299593,3579
IT_299606,3206
IT_299617,3879
IT_299629,3753
IT_299632,3496
IT_299642,3591
IT_299650,3661
IT_299664,3270
IT_299689,3215
IT_299692,3434
IT_299698,3584
IT_299708,3207
IT_299722,3158
IT_299726,3753
IT_299731,3663
IT_299769,2430
IT_299780,5409
IT_299792,3634
IT_299793,2892
IT_299796,2863
IT_299797,2970
IT_299840,3159
IT_299848,3880
IT_299859,3753
IT_299865,3446
IT_299869,3159
IT_299872,3590
IT_299877,9628
IT_299889,3665
IT_299910,3022
IT_299951,3434
IT_299991,3075
IT_299993,3207
IT_299995,3346
IT_299997,3159
IT_300004,3879
IT_300011,3392
IT_300018,3496
IT_300022,3446
IT_300048,3664
IT_300059,3010
IT_300068,3025
IT_300100,3216
IT_300108,2971
IT_300125,3587
IT_300147,3753
IT_300148,3158
IT_300158,3752
IT_300162,3392
IT_300171,3446
IT_300224,3028
IT_300261,2920
IT_300263,2973
IT_300305,3159
IT_300311,3159
IT_300338,3590
IT_300360,120779
IT_300388,2431
IT_300389,2817
IT_300401,5408
IT_300410,2946
IT_300411,2863
IT_300426,3577
IT_300430,3585
IT_300458,3879
IT_300466,3392
IT_300473,3495
IT_300478,3344
IT_300484,3590
IT_300551,3216
IT_300571,3586
IT_300581,3075
IT_300585,3158
IT_300592,3879
IT_300602,3158
IT_300617,3590
IT_300622,3568
IT_300690,3029
IT_300705,2817
IT_300716,5098
IT_300731,2863
IT_300732,2973
IT_300755,3583
IT_300776,3159
IT_300784,3879
IT_300806,3590
IT_300849,3107
IT_300853,3730
IT_300866,2894
IT_300890,2942
IT_300895,3512
IT_300910,3665
IT_300930,3237
IT_300942,3472
IT_300948,3526
IT_300968,4353
IT_301016,2510
IT_301018,2893
IT_301044,2940
IT_301078,3285
IT_301083,3237
IT_301097,3471
IT_301099,3237
IT_301108,3422
IT_301113,3668
IT_301188,3293
IT_301191,3717
IT_301193,2943
IT_301198,3512
IT_301235,3237
IT_301242,3957
IT_301246,3830
IT_301249,3471
IT_301253,3831
IT_301267,3669
IT_301315,3189
IT_301316,2892
IT_301339,3511
IT_301351,3664
IT_301362,3153
IT_301364,3424
IT_301367,3237
IT_301370,3238
IT_301372,3957
IT_301377,3471
IT_301379,3236
IT_301383,3574
IT_301385,3422
IT_301389,3237
IT_301406,3747
IT_301464,38
IT_301491,3669
IT_301508,3831
IT_301510,3542
IT_301527,3747
IT_301538,3425
IT_301561,3512
IT_301566,3663
IT_301580,3957
IT_301603,3742
IT_301625,3115
IT_301627,3730
IT_301659,37
IT_301691,3831
IT_301695,3425
IT_301697,3668
IT_301699,3238
IT_301706,3238
IT_301713,3830
IT_301716,3471
IT_301738,9706
IT_301739,9412
IT_301757,3371
IT_301772,3099
IT_301818,3512
IT_301845,3832
IT_301849,3425
IT_301852,3669
IT_301853,3238
IT_301877,3423
IT_301900,3742
IT_301976,3511
IT_301988,3661
IT_301990,3780
IT_302019,3958
IT_302023,2968
IT_302027,3471
IT_302030,3525
IT_302033,3525
IT_302038,3423
IT_302046,3284
IT_302090,3904
IT_302098,2887
IT_302117,5487
IT_302128,3295
IT_302161,3667
IT_302177,3832
IT_302186,3238
IT_302200,3471
IT_302202,3525
IT_302210,3423
IT_302217,3669
IT_302222,3832
IT_302253,3933
IT_302288,5182
IT_302290,5483
IT_302298,2891
IT_302305,3514
IT_302321,3664
IT_302324,3401
IT_302343,3668
IT_302345,3238
IT_302353,3957
IT_302356,3274
IT_302358,3831
IT_302365,3236
IT_302367,3832
IT_302418,3731
IT_302440,5487
IT_302442,3293
IT_302445,3715
IT_302447,2941
IT_302454,3514
IT_302459,3374
IT_302469,3664
IT_302482,3424
IT_302486,3238
IT_302498,3831
IT_302501,3471
IT_302526,3749
IT_302529,3742
IT_302556,38
IT_302557,3513
IT_302561,3359
IT_302564,3666
IT_302583,3831
IT_302605,3742
IT_302624,3094
IT_302654,2941
IT_302658,3969
IT_302674,3663
IT_302679,3659
IT_302695,3238
IT_302703,3958
IT_302711,3471
IT_302728,3669
IT_302781,2895
IT_302808,3512
IT_302848,3238
IT_302861,3472
IT_302866,3833
IT_302869,3574
IT_302880,3668
IT_302897,3750
IT_302935,3190
IT_302940,2895
IT_302953,3292
IT_302959,3055
IT_302965,3512
IT_302979,3666
IT_303004,3238
IT_303011,3958
IT_303015,2966
IT_303016,3831
IT_303019,3471
IT_303034,3669
IT_303052,3750
IT_303056,3742
IT_303062,3391
IT_303113,3295
IT_303119,3055
IT_303136,3664
IT_303158,3238
IT_303169,3274
IT_303220,3093
IT_303260,3713
IT_303281,3668
IT_303298,3425
IT_303303,3238
IT_303317,3831
IT_303320,3471
IT_303333,3423
IT_303357,3745
IT_303361,3742
IT_303378,3113
IT_303393,2896
IT_303408,3712
IT_303427,3670
IT_303441,3237
IT_303445,3238
IT_303452,3832
IT_303458,3525
IT_303460,3831
IT_303463,3574
IT_303464,3544
IT_303465,3525
IT_303467,3423
IT_303469,3238
IT_303481,3750
IT_303516,3294
IT_303525,3658
IT_303543,3525
IT_303558,4353
IT_303563,3742
IT_303585,3104
IT_303618,5184
IT_303622,3713
IT_303627,3969
IT_303635,3354
IT_303663,3854
IT_303665,3238
IT_303672,3238
IT_303678,2967
IT_303679,3831
IT_303682,3472
IT_303686,3833
IT_303710,4354
IT_303721,3742
IT_303743,3107
IT_303794,3054
IT_303818,3658
IT_303836,3854
IT_303837,3238
IT_303841,3641
IT_303865,3669
IT_303868,3424
IT_303886,3741
IT_303892,3387
IT_303911,3104
IT_303914,3730
IT_303928,2896
IT_303943,5182
IT_303948,3053
IT_303959,3363
IT_303976,3657
IT_303994,3238
IT_303999,3238
IT_304004,3274
IT_304009,3471
IT_304040,3750
IT_304057,3092
IT_304067,3103
IT_304072,3731
IT_304085,2896
IT_304108,3700
IT_304115,3514
IT_304134,3401
IT_304147,3832
IT_304157,3238
IT_304169,3832
IT_304176,3833
IT_304179,3575
IT_304208,3743
IT_304230,3088
IT_304288,3663
IT_304301,3831
IT_304308,3854
IT_304310,3377
IT_304311,3238
IT_304325,3471
IT_304328,3525
IT_304330,3832
IT_304338,3422
IT_304342,3669
IT_304353,6755
IT_304361,3743
IT_304391,3737
IT_304423,3713
IT_304425,2942
IT_304439,3786
IT_304443,3666
IT_304454,3831
IT_304459,3424
IT_304463,3237
IT_304476,3831
IT_304479,3472
IT_304496,3669
IT_304512,3743
IT_304529,3107
IT_304540,3353
IT_304554,3958
IT_304597,3101
IT_304623,5181
IT_304649,3669
IT_304670,3238
IT_304677,3958
IT_304685,3471
IT_304689,3832
IT_304715,3749
IT_304718,3744
IT_304787,3018
IT_304788,2945
IT_304789,3054
IT_304794,3513
IT_304820,3561
IT_304827,3855
IT_304828,3238
IT_304835,3958
IT_304842,3472
IT_304859,3669
IT_304869,3747
IT_304899,3108
IT_304904,3904
IT_304930,5181
IT_304933,3716
IT_304935,2947
IT_304946,3361
IT_304955,3664
IT_304976,3238
IT_304981,3238
IT_304982,3731
IT_304990,3473
IT_305005,3669
IT_305040,3105
IT_305062,2946
IT_305063,3185
IT_305095,3855
IT_305101,3238
IT_305107,3832
IT_305110,3472
IT_305112,3526
IT_305160,3182
IT_305189,3023
IT_305190,3131
IT_305194,3593
IT_305207,3746
IT_305211,3744
IT_305242,3604
IT_305244,3910
IT_305247,3653
IT_305252,3501
IT_305269,3826
IT_305309,2974
IT_305328,3133
IT_305331,3591
IT_305341,3746
IT_305355,3933
IT_305359,3810
IT_305360,4036
IT_305368,3551
IT_305391,3825
IT_305439,3746
IT_305471,3839
IT_305476,3826
IT_305479,3820
IT_305498,3184
IT_305535,3024
IT_305554,3743
IT_305569,3364
IT_305594,3550
IT_305602,3604
IT_305610,3747
IT_305624,3828
IT_305690,3024
IT_305708,3479
IT_305727,3317
IT_305743,3551
IT_305758,3747
IT_305770,3827
IT_305775,3822
IT_305796,3177
IT_305808,2551
IT_305825,5565
IT_305830,3805
IT_305832,3025
IT_305835,4047
IT_305849,3747
IT_305853,3479
IT_305873,3316
IT_305881,4037
IT_305892,3551
IT_305914,3911
IT_305945,3810
IT_305977,3799
IT_305980,3026
IT_305985,3590
IT_305992,3436
IT_306002,3747
IT_306019,3233
IT_306027,3317
IT_306040,3046
IT_306041,3910
IT_306045,3551
IT_306057,3501
IT_306062,3747
IT_306065,3363
IT_306127,3590
IT_306134,3437
IT_306178,3046
IT_306256,5668
IT_306259,3106
IT_306264,3590
IT_306276,3741
IT_306292,3933
IT_306293,3316
IT_306302,4037
IT_306312,3550
IT_306315,3910
IT_306340,3828
IT_306373,3592
IT_306375,3440
IT_306392,4037
IT_306395,3910
IT_306412,3838
IT_306421,3826
IT_306440,3174
IT_306451,2980
IT_306467,5666
IT_306469,3373
IT_306490,3741
IT_306492,3857
IT_306510,3317
IT_306540,3501
IT_306547,3748
IT_306553,3838
IT_306560,3828
IT_306564,3820
IT_306613,5668
IT_306617,3024
IT_306618,3133
IT_306651,3233
IT_306654,3910
IT_306658,3933
IT_306659,3317
IT_306676,3550
IT_306702,3838
IT_306709,3829
IT_306714,3826
IT_306772,3023
IT_306773,3132
IT_306777,3603
IT_306785,3447
IT_306794,3745
IT_306814,3317
IT_306819,3605
IT_306831,3551
IT_306852,3364
IT_306857,3838
IT_306921,3134
IT_306936,3745
IT_306957,3933
IT_306978,3550
IT_306996,3748
IT_307004,3838
IT_307064,3132
IT_307065,116
IT_307066,4047
IT_307081,3747
IT_307099,3910
IT_307104,3933
IT_307114,4036
IT_307117,3316
IT_307144,3748
IT_307150,3911
IT_307153,3836
IT_307164,3826
IT_307168,3820
IT_307228,3747
IT_307244,3364
IT_307250,3316
IT_307259,4036
IT_307265,3910
IT_307330,3741
IT_307358,3837
IT_307360,3821
IT_307379,5669
IT_307395,3745
IT_307434,2589
IT_307452,3592
IT_307478,3933
IT_307479,3317
IT_307493,3550
IT_307502,3501
IT_307517,3829
IT_307528,3172
IT_307554,2588
IT_307578,3592
IT_307584,3441
IT_307610,3933
IT_307611,3317
IT_307618,4036
IT_307665,3822
IT_307714,5672
IT_307721,3591
IT_307727,3441
IT_307732,3748
IT_307737,3480
IT_307752,3910
IT_307754,3933
IT_307755,3317
IT_307773,3550
IT_307785,3501
IT_307798,3839
IT_307850,5263
IT_307851,5564
IT_307856,5668
IT_307858,3014
IT_307859,3132
IT_307870,3436
IT_307874,3744
IT_307895,3504
IT_307897,3933
IT_307898,3317
IT_307906,4036
IT_307920,3910
IT_307941,3838
IT_308011,3439
IT_308017,3743
IT_308033,3233
IT_308040,3317
IT_308047,3605
IT_308059,3551
IT_308061,3604
IT_308063,3911
IT_308070,3501
IT_308082,3713
IT_308120,3372
IT_308146,3604
IT_308157,3913
IT_308159,3838
IT_308165,3828
IT_308166,3820
IT_308185,3174
IT_308198,2983
IT_308211,3378
IT_308233,3746
IT_308252,3933
IT_308253,3317
IT_308267,3910
IT_308270,3550
IT_308273,3911
IT_308280,3501
IT_308346,3135
IT_308355,3439
IT_308380,3365
IT_308384,3317
IT_308395,3047
IT_308399,3550
IT_308412,3501
IT_308417,3748
IT_308424,3839
IT_308433,3823
IT_308442,3171
IT_308473,5668
IT_308479,3133
IT_308498,3479
IT_308509,3234
IT_308515,3933
IT_308516,3317
IT_308528,3047
IT_308533,3550
IT_308544,3605
IT_308552,3749
IT_308555,3364
IT_308559,3840
IT_308603,2983
IT_308619,3574
IT_308622,3134
IT_308637,3743
IT_308651,3234
IT_308658,3316
IT_308671,3047
IT_308677,3550
IT_308679,3604
IT_308680,3911
IT_308693,3749
IT_308698,3913
IT_308701,3837
IT_308724,3172
IT_308755,5669
IT_308759,3019
IT_308760,3133
IT_308777,3745
IT_308801,3933
IT_308802,3317
IT_308808,3605
IT_308812,3316
IT_308816,3910
IT_308820,3550
IT_308823,3604
IT_308841,3363
IT_308843,3839
IT_308890,5584
IT_308897,5566
IT_308904,3020
IT_308921,3746
IT_308933,3234
IT_308939,3317
IT_308956,3550
IT_308963,3384
IT_308999,3818
IT_309012,3989
IT_309014,3683
IT_309016,3990
IT_309039,3253
IT_309073,3517
IT_309078,3822
IT_309106,3629
IT_309120,3441
IT_309124,9866
IT_309128,3902
IT_309183,3522
IT_309189,3823
IT_309204,3312
IT_309205,3442
IT_309209,3583
IT_309212,3396
IT_309218,4115
IT_309244,3916
IT_309298,5343
IT_309313,3823
IT_309317,3816
IT_309336,3396
IT_309354,3629
IT_309374,3792
IT_309393,3250
IT_309433,3101
IT_309437,3683
IT_309445,3824
IT_309460,3312
IT_309468,4012
IT_309477,3684
IT_309490,3683
IT_309522,3911
IT_309559,3055
IT_309573,5748
IT_309614,3395
IT_309631,3629
IT_309644,3579
IT_309667,3908
IT_309676,3251
IT_309697,5641
IT_309709,3873
IT_309720,3519
IT_309746,3395
IT_309754,4115
IT_309757,3395
IT_309760,3989
IT_309765,3630
IT_309767,3683
IT_309782,3827
IT_309821,3520
IT_309824,3824
IT_309848,3683
IT_309850,3990
IT_309870,3912
IT_309892,3062
IT_309914,3215
IT_309945,3583
IT_309948,4012
IT_309969,3629
IT_309977,3686
IT_309986,3827
IT_309995,9865
IT_310000,3906
IT_310003,3917
IT_310026,3059
IT_310045,3519
IT_310051,3824
IT_310065,3443
IT_310076,4116
IT_310083,3630
IT_310086,3990
IT_310093,3580
IT_310103,3990
IT_310119,3251
IT_310149,5749
IT_310167,3827
IT_310185,3443
IT_310190,3396
IT_310218,3580
IT_310223,3828
IT_310256,3060
IT_310276,3827
IT_310286,4125
IT_310307,4116
IT_310316,3683
IT_310337,9571
IT_310343,3907
IT_310376,5745
IT_310383,3874
IT_310384,3367
IT_310389,3682
IT_310414,4012
IT_310415,3395
IT_310427,3395
IT_310443,3703
IT_310447,3580
IT_310459,3446
IT_310476,3250
IT_310485,3884
IT_310501,199
IT_310502,4127
IT_310503,3675
IT_310506,3520
IT_310530,4012
IT_310531,3395
IT_310536,3683
IT_310560,3580
IT_310566,3827
IT_310576,3908
IT_310600,3674
IT_310608,4125
IT_310612,3443
IT_310661,4130
IT_310665,4006
IT_310670,3827
IT_310696,4116
IT_310721,3828
IT_310732,3907
IT_310741,3250
IT_310764,3101
IT_310775,3822
IT_310795,4013
IT_310796,3395
IT_310812,3683
IT_310814,3989
IT_310828,3827
IT_310831,3395
IT_310862,2630
IT_310872,5646
IT_310884,3211
IT_310885,200
IT_310886,4131
IT_310892,3519
IT_310894,3947
IT_310917,4013
IT_310918,3396
IT_310932,3990
IT_310946,3580
IT_310950,3827
IT_310953,3581
IT_310997,2630
IT_310999,3065
IT_311011,4127
IT_311014,3521
IT_311035,4012
IT_311036,3396
IT_311071,9572
IT_311109,3099
IT_311110,3217
IT_311111,4129
IT_311115,3522
IT_311116,3947
IT_311136,3395
IT_311144,4116
IT_311157,3989
IT_311170,3827
IT_311205,2675
IT_311206,3063
IT_311215,5385
IT_311234,3822
IT_311237,3558
IT_311243,3313
IT_311252,3395
IT_311273,3683
IT_311290,3827
IT_311326,3824
IT_311333,3444
IT_311345,3989
IT_311358,3917
IT_311374,3255
IT_311385,2674
IT_311399,3101
IT_311401,200
IT_311402,4130
IT_311409,3831
IT_311430,3396
IT_311439,4116
IT_311507,3066
IT_311518,5747
IT_311524,3681
IT_311536,3558
IT_311573,3684
IT_311609,3251
IT_311640,3101
IT_311652,3825
IT_311666,3443
IT_311667,3990
IT_311704,3828
IT_311707,3442
IT_311709,3446
IT_311719,3909
IT_311725,3250
IT_311740,3063
IT_311751,3100
IT_311752,3218
IT_311763,3825
IT_311805,3827
IT_311817,9576
IT_311841,3123
IT_311857,200
IT_311866,3824
IT_311896,3125
IT_311904,3989
IT_311910,3688
IT_311928,3919
IT_311929,9867
IT_311965,5749
IT_311968,3874
IT_311977,3829
IT_312004,4116
IT_312010,3989
IT_312016,3683
IT_312018,3990
IT_312031,3827
IT_312044,3908
IT_312060,3521
IT_312063,3828
IT_312082,3989
IT_312097,3249
IT_312131,3831
IT_312139,3443
IT_312159,3989
IT_312170,3688
IT_312180,3827
IT_312184,3442
IT_312201,3250
IT_312229,5378
IT_312247,3824
IT_312264,4013
IT_312265,3396
IT_312274,3434
IT_312283,3991
IT_312297,3442
IT_312334,3293
IT_312350,3474
IT_312387,3990
IT_312423,3392
IT_312434,4195
IT_312439,4068
IT_312443,3762
IT_312449,3766
IT_312465,3987
IT_312468,3992
IT_312473,3328
IT_312479,3334
IT_312504,3293
IT_312510,4024
IT_312532,3474
IT_312554,3762
IT_312556,4068
IT_312585,3997
IT_312621,5827
IT_312623,3177
IT_312624,3292
IT_312628,4025
IT_312631,3904
IT_312641,3392
IT_312674,4068
IT_312695,3987
IT_312711,5473
IT_312712,3760
IT_312721,3522
IT_312758,3334
IT_312802,3391
IT_312805,4068
IT_312809,3474
IT_312815,3761
IT_312820,3512
IT_312835,3781
IT_312841,4068
IT_312851,3995
IT_312854,9379
IT_312865,3329
IT_312897,3596
IT_312903,3902
IT_312946,3659
IT_312952,3521
IT_312965,3986
IT_312970,3329
IT_312991,5826
IT_312994,3181
IT_312995,3291
IT_312997,3761
IT_313002,3902
IT_313004,4035
IT_313045,3768
IT_313054,3521
IT_313064,3988
IT_313071,3330
IT_313117,3392
IT_313119,3522
IT_313124,4091
IT_313148,4069
IT_313155,3659
IT_313161,3906
IT_313164,3520
IT_313169,9945
IT_313211,3292
IT_313219,3903
IT_313232,3392
IT_313239,4091
IT_313240,3474
IT_313248,4195
IT_313251,3473
IT_313266,4069
IT_313279,3905
IT_313297,3323
IT_313319,3751
IT_313320,3602
IT_313327,3905
IT_313338,3392
IT_313339,3521
IT_313372,3653
IT_313401,3600
IT_313403,3903
IT_313423,4068
IT_313433,3997
IT_313443,3353
IT_313468,5417
IT_313472,3289
IT_313495,3392
IT_313510,4196
IT_313525,3767
IT_313537,3996
IT_313561,2755
IT_313562,3142
IT_313577,3287
IT_313600,3475
IT_313625,3767
IT_313650,3329
IT_313680,3286
IT_313682,3760
IT_313700,3392
IT_313726,3768
IT_313730,3659
IT_313770,2762
IT_313783,3953
IT_313784,3287
IT_313804,3392
IT_313812,3474
IT_313821,4195
IT_313832,4069
IT_313853,3997
IT_313879,2754
IT_313897,3289
IT_313905,3906
IT_313929,4195
IT_313952,3905
IT_313969,3869
IT_314000,5825
IT_314016,4068
IT_314022,3474
IT_314029,4196
IT_314059,3521
IT_314103,4195
IT_314131,3586
IT_314180,3392
IT_314182,3522
IT_314195,4196
IT_314202,4173
IT_314212,3768
IT_314214,3653
IT_314220,3905
IT_314248,3336
IT_314249,3967
IT_314253,3123
IT_314271,5827
IT_314279,3600
IT_314292,3392
IT_314294,3522
IT_314295,4068
IT_314299,3475
IT_314321,3768
IT_314334,3474
IT_314376,5828
IT_314377,5424
IT_314382,3754
IT_314384,3601
IT_314389,3902
IT_314399,3392
IT_314435,3906
IT_314440,3525
IT_314444,3994
IT_314453,3986
IT_314458,3323
IT_314488,5828
IT_314490,3289
IT_314492,3760
IT_314509,3392
IT_314536,4068
IT_314539,3542
IT_314548,3906
IT_314551,3475
IT_314565,3983
IT_314594,5829
IT_314596,3951
IT_314600,3600
IT_314606,3900
IT_314617,3522
IT_314621,3474
IT_314646,3767
IT_314649,3767
IT_314656,3906
IT_314664,3995
IT_314693,5726
IT_314695,5827
IT_314698,281
IT_314699,3756
IT_314701,3601
IT_314711,3392
IT_314713,3522
IT_314718,4091
IT_314719,3474
IT_314739,3762
IT_314741,4069
IT_314743,3767
IT_314754,3906
IT_314757,3474
IT_314822,3334
IT_314849,3290
IT_314858,3902
IT_314879,3474
IT_314886,4196
IT_314912,3906
IT_314968,3290
IT_314970,3759
IT_314979,3902
IT_314994,3475
IT_315012,3763
IT_315017,3811
IT_315025,3906
IT_315040,3985
IT_315065,5831
IT_315069,3290
IT_315073,4030
IT_315075,4026
IT_315083,1503
IT_315088,3391
IT_315095,3475
IT_315097,4068
IT_315102,4195
IT_315116,3762
IT_315133,3660
IT_315138,9949
IT_315139,9653
IT_315144,3986
IT_315181,3290
IT_315186,4031
IT_315206,4093
IT_315207,3474
IT_315219,3206
IT_315246,3660
IT_315307,3601
IT_315313,4170
IT_315314,3553
IT_315322,4275
IT_315386,5910
IT_315391,3829
IT_315398,3470
IT_315404,3553
IT_315409,4275
IT_315413,3591
IT_315424,4147
IT_315427,3889
IT_315430,4148
IT_315436,3604
IT_315437,3600
IT_315459,3677
IT_315461,3979
IT_315473,4147
IT_315476,3840
IT_315478,4148
IT_315506,3224
IT_315519,5906
IT_315520,5502
IT_315526,4105
IT_315539,3470
IT_315548,4147
IT_315554,4275
IT_315559,3284
IT_315560,4147
IT_315570,3740
IT_315579,3985
IT_315588,10027
IT_315589,9732
IT_315590,9461
IT_315602,3406
IT_315634,3830
IT_315635,3676
IT_315642,3981
IT_315653,3470
IT_315660,3553
IT_315667,4275
IT_315680,4147
IT_315687,3845
IT_315690,3556
IT_315736,5805
IT_315754,3724
IT_315757,3989
IT_315772,4171
IT_315773,3553
IT_315780,4275
IT_315785,4147
IT_315797,3742
IT_315798,3843
IT_315804,4149
IT_315806,3985
IT_315816,10027
IT_315855,5908
IT_315857,3787
IT_315859,4107
IT_315865,3985
IT_315872,3469
IT_315878,4171
IT_315890,4148
IT_315908,4148
IT_315912,3985
IT_315938,4046
IT_315945,2791
IT_315962,3635
IT_315963,3829
IT_315971,3984
IT_315983,3601
IT_315989,3553
IT_315998,4274
IT_316012,4147
IT_316024,4148
IT_316031,3552
IT_316039,10027
IT_316041,9460
IT_316080,5910
IT_316084,3636
IT_316086,3834
IT_316094,3982
IT_316106,4171
IT_316107,4147
IT_316108,3552
IT_316135,3741
IT_316139,3739
IT_316145,3985
IT_316149,3739
IT_316172,3982
IT_316176,3601
IT_316184,4275
IT_316197,3556
IT_316219,3412
IT_316240,3636
IT_316263,4170
IT_316272,3841
IT_316302,3986
IT_316305,3553
IT_316314,9461
IT_316358,3720
IT_316363,3470
IT_316365,3602
IT_316374,4275
IT_316380,3573
IT_316389,4147
IT_316398,3740
IT_316404,4275
IT_316408,3738
IT_316422,4064
IT_316442,3222
IT_316445,5803
IT_316452,5498
IT_316457,3832
IT_316464,3721
IT_316475,4148
IT_316476,3554
IT_316483,4276
IT_316504,3846
IT_316512,4276
IT_316518,3949
IT_316558,5906
IT_316562,4108
IT_316568,3978
IT_316583,4171
IT_316590,4276
IT_316603,4147
IT_316613,3739
IT_316615,3556
IT_316620,4275
IT_316664,3980
IT_316670,1716
IT_316673,3601
IT_316676,4171
IT_316677,3553
IT_316682,3965
IT_316699,3840
IT_316706,3844
IT_316709,3739
IT_316711,3554
IT_316715,4275
IT_316750,4323
IT_316756,3676
IT_316769,3601
IT_316775,3553
IT_316783,3591
IT_316792,3841
IT_316794,4147
IT_316801,3739
IT_316831,3601
IT_316845,3840
IT_316855,3738
IT_316869,3412
IT_316888,5843
IT_316902,3720
IT_316908,1719
IT_316909,3470
IT_316910,3601
IT_316943,3740
IT_316948,4275
IT_316953,3739
IT_316957,3949
IT_316961,9461
IT_317007,4105
IT_317013,3720
IT_317028,3553
IT_317052,3844
IT_317062,4275
IT_317091,4041
IT_317122,4108
IT_317130,3722
IT_317138,1714
IT_317139,3469
IT_317145,4172
IT_317146,3554
IT_317175,3739
IT_317180,4275
IT_317188,4076
IT_317207,4041
IT_317233,3838
IT_317251,3601
IT_317255,4171
IT_317256,4148
IT_317257,3554
IT_317275,3841
IT_317276,4147
IT_317279,3890
IT_317289,4275
IT_317293,3739
IT_317336,5907
IT_317361,3554
IT_317379,3840
IT_317393,4275
IT_317403,10028
IT_317404,9732
IT_317405,9461
IT_317447,3471
IT_317455,3554
IT_317488,4275
IT_317516,3830
IT_317533,3840
IT_317538,3555
IT_317543,3738
IT_317576,5906
IT_317580,4030
IT_317586,3981
IT_317594,1716
IT_317602,3554
IT_317622,3845
IT_317624,3845
IT_317626,3739
IT_317631,4275
IT_317680,3838
IT_317688,3720
IT_317700,3553
IT_317730,4275
IT_317765,2835
IT_317776,5912
IT_317785,4107
IT_317790,3982
IT_317808,3554
IT_317816,3553
IT_317827,3840
IT_317833,3846
IT_317835,3739
IT_317839,4275
IT_317845,3602
IT_317864,4041
IT_317879,5500
IT_317891,4109
IT_317907,3470
IT_317909,3602
IT_317914,3553
IT_317932,3841
IT_317939,3746
IT_317948,4275
IT_317952,3739
IT_317983,3220
IT_317998,5796
IT_318002,3837
IT_318017,3470
IT_318024,3553
IT_318045,3841
IT_318050,3890
IT_318055,3739
IT_318056,3554
IT_318060,4275
IT_318064,3601
IT_318069,4073
IT_318109,4164
IT_318110,3670
IT_318113,3720
IT_318125,3553
IT_318145,3841
IT_318155,3285
IT_318156,3739
IT_318160,4275
IT_318164,3739
IT_318165,3601
IT_318181,3676
IT_318190,3553
IT_318214,2551
IT_318230,4634
IT_318232,3182
IT_318233,3169
IT_318240,2859
IT_318249,3309
IT_318250,2691
IT_318262,2711
IT_318267,2423
IT_318273,2983
IT_318275,2877
IT_318280,2691
IT_318286,3212
IT_318325,5044
IT_318330,2654
IT_318333,2977
IT_318350,2741
IT_318363,2981
IT_318377,2878
IT_318384,2691
IT_318385,2877
IT_318389,8598
IT_318404,3179
IT_318421,5044
IT_318438,3116
IT_318455,2741
IT_318458,3309
IT_318464,2980
IT_318468,2729
IT_318470,2982
IT_318476,2979
IT_318489,3413
IT_318498,9167
IT_318499,8870
IT_318526,4943
IT_318549,3119
IT_318562,2740
IT_318567,2692
IT_318603,2877
IT_318649,2814
IT_318667,2740
IT_318670,2691
IT_318679,2691
IT_318690,2979
IT_318698,2877
IT_318700,2692
IT_318732,2338
IT_318736,2359
IT_318756,2975
IT_318763,3119
IT_318771,2608
IT_318773,2739
IT_318777,2692
IT_318786,2691
IT_318797,2979
IT_318800,3310
IT_318811,3413
IT_318836,2813
IT_318839,3115
IT_318840,2858
IT_318859,3285
IT_318861,3183
IT_318883,2545
IT_318894,5043
IT_318907,3118
IT_318920,3310
IT_318934,2712
IT_318945,2982
IT_318963,9166
IT_318989,1917
IT_318995,6142
IT_319013,2972
IT_319015,2819
IT_319034,3040
IT_319045,2982
IT_319051,2979
IT_319062,2877
IT_319067,3413
IT_319120,3184
IT_319125,3301
IT_319139,2608
IT_319141,2740
IT_319149,2979
IT_319153,2691
IT_319173,3414
IT_319177,2739
IT_319183,8598
IT_319213,4682
IT_319218,2204
IT_319219,2504
IT_319220,2972
IT_319229,3120
IT_319241,855
IT_319243,2608
IT_319249,3310
IT_319290,3219
IT_319292,9166
IT_319330,5511
IT_319345,2813
IT_319350,3116
IT_319364,3285
IT_319379,2690
IT_319393,3309
IT_319395,3028
IT_319400,2877
IT_319409,2739
IT_319436,4691
IT_319444,2956
IT_319452,3120
IT_319472,2876
IT_319476,3285
IT_319496,2877
IT_319497,2738
IT_319519,3236
IT_319531,2876
IT_319533,2713
IT_319534,3287
IT_319537,3286
IT_319562,2548
IT_319563,3181
IT_319575,5043
IT_319582,2953
IT_319594,3120
IT_319633,3310
IT_319648,2878
IT_319656,8598
IT_319676,2549
IT_319703,2817
IT_319719,2608
IT_319720,3285
IT_319725,3310
IT_319743,3287
IT_319745,3310
IT_319749,2879
IT_319750,2983
IT_319753,2879
IT_319758,2691
IT_319774,3202
IT_319807,5045
IT_319808,4634
IT_319814,2947
IT_319823,3117
IT_319837,3286
IT_319839,3310
IT_319853,3580
IT_319859,2982
IT_319861,2692
IT_319864,3028
IT_319866,2880
IT_319870,2878
IT_319874,3413
IT_319929,3169
IT_319944,2861
IT_319955,2608
IT_319957,2741
IT_319962,3310
IT_319977,3287
IT_320001,3414
IT_320008,3089
IT_320009,3206
IT_320039,2398
IT_320041,2538
IT_320048,4693
IT_320060,3064
IT_320062,3235
IT_320068,3121
IT_320083,3309
IT_320094,2877
IT_320098,3287
IT_320112,3028
IT_320118,2878
IT_320146,2819
IT_320179,4940
IT_320181,5044
IT_320193,3120
IT_320203,2740
IT_320207,3309
IT_320208,2692
IT_320219,2712
IT_320236,2879
IT_320241,3413
IT_320250,3426
IT_320267,3180
IT_320268,3124
IT_320277,2740
IT_320279,3286
IT_320290,2980
IT_320301,2692
IT_320318,2552
IT_320334,2400
IT_320352,2943
IT_320355,3300
IT_320359,3119
IT_320373,3310
IT_320374,2693
IT_320380,2981
IT_320387,3286
IT_320393,3287
IT_320394,2876
IT_320396,3184
IT_320398,2982
IT_320401,2878
IT_320403,2878
IT_320407,3414
IT_320410,2691
IT_320418,8870
IT_320463,5127
IT_320469,5043
IT_320487,2859
IT_320512,2878
IT_320518,2981
IT_320522,3310
IT_320529,2879
IT_320534,3414
IT_320537,2691
IT_320544,8870
IT_320555,2819
IT_320567,3182
IT_320579,4314
IT_320583,4685
IT_320586,4639
IT_320594,3124
IT_320604,3119
IT_320606,2859
IT_320616,2608
IT_320629,2878
IT_320638,2981
IT_320642,3028
IT_320646,2878
IT_320690,2315
IT_320699,2401
IT_320719,2919
IT_320728,3119
IT_320732,2860
IT_320744,2741
IT_320750,2693
IT_320756,2980
IT_320762,2711
IT_320769,2981
IT_320773,2759
IT_320775,2881
IT_320779,2877
IT_320787,2986
IT_320818,3184
IT_320842,5043
IT_320848,2910
IT_320860,3118
IT_320863,2859
IT_320872,2608
IT_320879,2692
IT_320895,2980
IT_320908,3411
IT_320911,2740
IT_320917,8868
IT_320919,8872
IT_320927,3210
IT_320952,2544
IT_320961,5044
IT_320967,2908
IT_320971,3233
IT_320980,2859
IT_320989,2607
IT_320991,2740
IT_320996,2692
IT_321010,3286
IT_321031,3171
IT_321068,2741
IT_321087,3411
IT_321088,2876
IT_321093,8873
IT_321128,2938
IT_321129,3066
IT_321134,3300
IT_321147,2859
IT_321159,2608
IT_321160,2740
IT_321166,2692
IT_321186,2983
IT_321202,3082
IT_321203,9165
IT_321204,8869
IT_321226,3182
IT_321237,2896
IT_321240,2961
IT_321247,3118
IT_321265,2712
IT_321274,2878
IT_321277,3171
IT_321282,3216
IT_321326,4638
IT_321334,3235
IT_321343,3120
IT_321360,2691
IT_321364,2980
IT_321367,2692
IT_321368,2712
IT_321374,2980
IT_321375,3310
IT_321378,2984
IT_321384,2879
IT_321395,3517
IT_321425,4917
IT_321431,4760
IT_321439,2973
IT_321442,3311
IT_321444,2889
IT_321459,3363
IT_321465,2771
IT_321476,2791
IT_321488,2956
IT_321492,3492
IT_321494,2956
IT_321501,9242
IT_321505,3703
IT_321513,3163
IT_321563,3077
IT_321566,3313
IT_321571,2886
IT_321578,3198
IT_321582,2937
IT_321590,1057
IT_321593,2687
IT_321614,2955
IT_321616,3061
IT_321621,2957
IT_321627,2954
IT_321637,8947
IT_321675,2150
IT_321705,3077
IT_321710,2890
IT_321716,3196
IT_321726,2687
IT_321732,3388
IT_321742,2771
IT_321743,3365
IT_321745,3364
IT_321752,2955
IT_321759,2956
IT_321763,3487
IT_321773,3162
IT_321804,3313
IT_321810,3196
IT_321811,3194
IT_321817,2818
IT_321824,3365
IT_321825,3059
IT_321826,2955
IT_321834,2955
IT_321842,3162
IT_321843,3688
IT_321848,3274
IT_321860,2624
IT_321887,2981
IT_321888,3143
IT_321904,3325
IT_321905,3196
IT_321922,3388
IT_321923,2771
IT_321933,3365
IT_321953,3489
IT_321955,2956
IT_321965,8949
IT_321966,3688
IT_322027,3031
IT_322031,3312
IT_322049,2937
IT_322063,2687
IT_322069,2771
IT_322082,3058
IT_322085,2956
IT_322087,3388
IT_322097,3487
IT_322098,3490
IT_322099,2955
IT_322108,9242
IT_322136,2627
IT_322174,3033
IT_322187,2886
IT_322193,3197
IT_322198,3603
IT_322210,2687
IT_322227,3364
IT_322233,2956
IT_322243,3487
IT_322244,3490
IT_322341,3185
IT_322345,3197
IT_322369,2772
IT_322382,3365
IT_322389,3363
IT_322391,3107
IT_322395,2956
IT_322397,2956
IT_322401,3487
IT_322412,3160
IT_322419,9243
IT_322423,3688
IT_322464,2457
IT_322466,2273
IT_322509,3189
IT_322531,2771
IT_322545,3364
IT_322550,2955
IT_322552,2955
IT_322563,2955
IT_322565,3487
IT_322568,2770
IT_322578,3164
IT_322636,2879
IT_322641,3311
IT_322649,3381
IT_322658,3195
IT_322692,2955
IT_322693,3388
IT_322694,3106
IT_322695,3061
IT_322698,2955
IT_322705,2955
IT_322713,3167
IT_322747,3311
IT_322754,3200
IT_322791,3007
IT_322829,2256
IT_322879,3195
IT_322898,2770
IT_322908,2767
IT_322925,3486
IT_322927,2817
IT_322931,3294
IT_322986,4389
IT_323004,2864
IT_323044,3359
IT_323047,3387
IT_323078,3485
IT_323080,2954
IT_323088,3166
IT_323161,2911
IT_323181,3185
IT_323209,2770
IT_323221,3364
IT_323229,3387
IT_323240,3485
IT_323243,2816
IT_323252,3287
IT_323253,3164
IT_323260,3008
IT_323267,2616
IT_323350,2884
IT_323351,3186
IT_323363,3194
IT_323372,3359
IT_323390,3363
IT_323393,3058
IT_323398,3106
IT_323407,3484
IT_323409,3487
IT_323410,2769
IT_323419,3166
IT_323429,2566
IT_323450,3258
IT_323480,3194
IT_323496,3363
IT_323504,2954
IT_323574,2993
IT_323577,3124
IT_323593,3184
IT_323599,3197
IT_323634,2954
IT_323636,2955
IT_323638,3387
IT_323644,2956
IT_323663,3007
IT_323667,2566
IT_323729,2955
IT_323730,3363
IT_323736,3488
IT_323737,2768
IT_323741,2854
IT_323745,3688
IT_323751,2567
IT_323772,3258
IT_323828,2938
IT_323844,2771
IT_323845,3363
IT_323847,3058
IT_323857,2954
IT_323859,3387
IT_323861,3061
IT_323869,3483
IT_323870,3488
IT_323888,2567
IT_323908,2623
IT_323960,3124
IT_323961,3312
IT_323973,3184
IT_323986,3501
IT_323987,3190
IT_323997,2685
IT_324000,3386
IT_324046,3162
IT_324057,2566
IT_324098,2451
IT_324143,3194
IT_324163,2685
IT_324168,3113
IT_324171,3363
IT_324188,3386
IT_324197,3482
IT_324207,3165
IT_324217,3007
IT_324220,2566
IT_324261,2452
IT_324310,3184
IT_324318,3312
IT_324338,2769
IT_324367,3463
IT_324369,3487
IT_324370,2769
IT_324393,2566
IT_324432,2451
IT_324434,2255
IT_324467,3040
IT_324482,3184
IT_324498,3185
IT_324515,3385
IT_324529,3002
IT_324550,2954
IT_324558,2767
IT_324576,2566
IT_324639,2892
IT_324641,3124
IT_324706,2955
IT_324730,2854
IT_324737,3689
IT_324744,2567
IT_324805,3362
IT_324806,2955
IT_324812,3487
IT_324817,3288
IT_324910,3183
IT_324937,3357
IT_324940,3385
IT_324941,3113
IT_324946,3057
IT_324956,3363
IT_324959,3003
IT_324961,2954
IT_325038,2546
IT_325039,2479
IT_325067,2659
IT_325092,3185
IT_325106,3185
IT_325119,3357
IT_325122,3385
IT_325123,3114
IT_325131,3363
IT_325162,3488
IT_325163,2768
IT_325187,2567
IT_325214,3259
IT_325227,2290
IT_325236,2531
IT_325237,2479
IT_325262,2667
IT_325319,2767
IT_325331,3362
IT_325338,3386
IT_325350,3480
IT_325379,2644
IT_325463,3262
IT_325488,2764
IT_325489,3434
IT_325493,3463
IT_325494,3461
IT_325495,2845
IT_325506,3441
IT_325530,2846
IT_325543,9314
IT_325552,2644
IT_325619,2743
IT_325628,3447
IT_325666,3434
IT_325674,3462
IT_325675,3461
IT_325676,2845
IT_325693,3134
IT_325705,3033
IT_325726,2970
IT_325734,3220
IT_325735,2645
IT_325802,3262
IT_325822,3434
IT_325827,3461
IT_325843,3033
IT_325848,3133
IT_325908,3134
IT_325909,3033
IT_325922,3348
IT_326027,3264
IT_326033,3393
IT_326051,3463
IT_326086,2932
IT_326106,2645
IT_326155,2476
IT_326165,4803
IT_326168,3147
IT_326174,2746
IT_326227,3463
IT_326228,2845
IT_326230,3442
IT_326231,3034
IT_326232,3136
IT_326244,3134
IT_326247,3033
IT_326249,3464
IT_326261,3557
IT_326262,3565
IT_326289,2646
IT_326361,2753
IT_326388,3262
IT_326418,3433
IT_326437,3135
IT_326440,3033
IT_326447,3031
IT_326452,3557
IT_326460,2926
IT_326467,3365
IT_326577,2961
IT_326581,3262
IT_326582,2956
IT_326615,3433
IT_326621,3134
IT_326631,3030
IT_326641,3439
IT_326668,3242
IT_326681,2645
IT_326688,2697
IT_326755,3110
IT_326765,3389
IT_326786,3263
IT_326802,3003
IT_326826,3136
IT_326844,3033
IT_326846,3462
IT_326852,3031
IT_326920,2109
IT_326956,3111
IT_326975,3143
IT_326982,2963
IT_326997,3265
IT_327004,2763
IT_327010,3461
IT_327011,3566
IT_327012,2844
IT_327031,3081
IT_327033,3033
IT_327040,3031
IT_327046,2847
IT_327062,2645
IT_327123,3136
IT_327131,3033
IT_327133,2913
IT_327138,3565
IT_327213,3111
IT_327240,3263
IT_327270,3461
IT_327272,2844
IT_327276,3439
IT_327282,3029
IT_327309,3365
IT_327310,3473
IT_327323,2646
IT_327337,3348
IT_327398,3388
IT_327417,3262
IT_327452,3566
IT_327458,3440
IT_327479,3030
IT_327487,2847
IT_327492,2932
IT_327511,3221
IT_327521,2697
IT_327522,2698
IT_327535,2693
IT_327546,2682
IT_327581,2956
IT_327591,3112
IT_327622,3448
IT_327671,3438
IT_327674,3134
IT_327697,2932
IT_327710,3348
IT_327715,2646
IT_327742,3329
IT_327770,2467
IT_327795,3323
IT_327804,3389
IT_327890,3134
IT_327990,2666
IT_328020,3575
IT_328087,3566
IT_328088,3132
IT_328108,3133
IT_328109,3080
IT_328112,3033
IT_328117,3131
IT_328119,3030
IT_328125,3565
IT_328244,3448
IT_328267,1003
IT_328275,3460
IT_328277,2843
IT_328286,2760
IT_328292,3032
IT_328293,3439
IT_328304,3565
IT_328384,3439
IT_328388,3135
IT_328395,3033
IT_328396,3029
IT_328534,3004
IT_328551,3436
IT_328561,2844
IT_328566,3135
IT_328580,3033
IT_328585,3329
IT_328592,3560
IT_328594,3565
IT_328606,9313
IT_328667,2617
IT_328668,2560
IT_328744,3388
IT_328748,3005
IT_328771,3460
IT_328773,3132
IT_328785,3436
IT_328789,3033
IT_328791,3461
IT_328794,3328
IT_328815,9314
IT_328879,2558
IT_328881,2468
IT_328882,2335
IT_328922,3389
IT_328984,3191
IT_328986,3432
IT_328996,2760
IT_329002,3029
IT_329005,3132
IT_329016,3439
IT_329113,3109
IT_329114,3223
IT_329123,3388
IT_329142,2960
IT_329146,3450
IT_329174,3165
IT_329175,2893
IT_329180,3432
IT_329202,3330
IT_329286,2558
IT_329287,2666
IT_329288,2472
IT_329320,3111
IT_329327,3388
IT_329388,313
IT_329390,3435
IT_329403,3440
IT_329419,3032
IT_329421,3029
IT_329425,3330
IT_329435,3559
IT_329437,3275
IT_329509,2618
IT_329511,2666
IT_329520,3521
IT_329521,3225
IT_329612,3435
IT_329620,3132
IT_329626,3440
IT_329633,3442
IT_329640,3080
IT_329643,3439
IT_329647,3330
IT_329658,3029
IT_329676,3643
IT_329725,3146
IT_329753,3437
IT_329757,3029
IT_329770,2932
IT_329834,2621
IT_329841,3520
IT_329842,3225
IT_329843,2955
IT_329864,3617
IT_329961,3440
IT_329977,3329
IT_329982,3541
IT_329985,3558
IT_329987,3275
IT_329990,3075
IT_329998,3237
IT_330022,2967
IT_330072,3519
IT_330073,3225
IT_330074,2955
IT_330099,3616
IT_330103,2753
IT_330107,3219
IT_330120,3389
IT_330183,3029
IT_330185,3460
IT_330196,3030
IT_330210,3330
IT_330229,3370
IT_330291,2667
IT_330297,3518
IT_330332,3388
IT_330352,3450
IT_330360,3266
IT_330404,3437
IT_330427,2932
IT_330442,3349
IT_330493,2623
IT_330494,2558
IT_330501,3225
IT_330521,2691
IT_330530,2817
IT_330537,3224
IT_330571,3449
IT_330615,3441
IT_330625,3133
IT_330629,3029
IT_330632,3132
IT_330641,3031
IT_330646,3370
IT_330656,9313
IT_330718,3520
IT_330719,3225
IT_330773,3449
IT_330810,3030
IT_330832,3439
IT_330837,3328
IT_330839,3336
IT_330848,3275
IT_330852,2891
IT_330855,3372
IT_330874,3346
IT_330914,2557
IT_330915,2665
IT_330924,2955
IT_330951,2818
IT_330977,3148
IT_330987,3450
IT_331013,513
IT_331021,3460
IT_331023,3132
IT_331032,3275
IT_331053,3559
IT_331103,3467
IT_331128,3515
IT_331133,3213
IT_331141,3517
IT_331170,3045
IT_331189,2771
IT_331208,3596
IT_331210,3033
IT_331242,3467
IT_331306,3643
IT_331307,3211
IT_331327,2941
IT_331333,3209
IT_331342,3109
IT_331363,3179
IT_331413,2742
IT_331420,3598
IT_331426,4863
IT_331457,3526
IT_331475,3528
IT_331514,3211
IT_331518,3519
IT_331526,3157
IT_331531,2923
IT_331538,3354
IT_331672,3528
IT_331687,3083
IT_331702,2843
IT_331710,3214
IT_331713,3353
IT_331723,3409
IT_331725,3812
IT_331726,3109
IT_331730,3636
IT_331755,3179
IT_331780,3588
IT_331816,3468
IT_331874,3516
IT_331877,3211
IT_331883,3211
IT_331886,3540
IT_331899,3716
IT_331902,3051
IT_331970,3525
IT_331973,3345
IT_331987,3527
IT_332017,3516
IT_332020,3210
IT_332024,3107
IT_332027,3518
IT_332031,3353
IT_332045,3410
IT_332057,3156
IT_332065,3317
IT_332128,3597
IT_332171,3530
IT_332207,3515
IT_332237,3409
IT_332243,3933
IT_332244,3354
IT_332266,3178
IT_332307,3466
IT_332370,3178
IT_332453,3530
IT_332485,3518
IT_332497,3540
IT_332500,3410
IT_332585,3655
IT_332588,3467
IT_332608,3021
IT_332612,3527
IT_332640,2842
IT_332647,3211
IT_332653,3518
IT_332656,3354
IT_332662,3211
IT_332665,3518
IT_332673,3229
IT_332706,3044
IT_332777,3467
IT_332834,2842
IT_332844,3214
IT_332865,3229
IT_332946,4797
IT_332968,3395
IT_333018,3464
IT_333040,3211
IT_333045,3214
IT_333088,9391
IT_333179,2938
IT_333180,3297
IT_333196,3526
IT_333249,2841
IT_333250,3619
IT_333268,3353
IT_333280,3540
IT_333284,3407
IT_333290,3632
IT_333292,3354
IT_333298,3156
IT_333330,3044
IT_333417,3033
IT_333456,3515
IT_333461,3643
IT_333490,3154
IT_333570,3346
IT_333599,3155
IT_333646,2771
IT_333676,2438
IT_333685,3598
IT_333686,3304
IT_333689,4797
IT_333690,4491
IT_333758,3344
IT_333778,2842
IT_333785,3211
IT_333795,3353
IT_333818,3354
IT_333832,3320
IT_333868,3714
IT_333889,2728
IT_333901,4797
IT_333902,4490
IT_333993,3643
IT_333998,3108
IT_333999,3214
IT_334003,3353
IT_334011,3158
IT_334018,3409
IT_334020,3107
IT_334082,2479
IT_334099,3033
IT_334101,4798
IT_334125,3467
IT_334138,3225
IT_334194,3210
IT_334199,3213
IT_334212,3157
IT_334218,3407
IT_334232,3513
IT_334235,3444
IT_334251,3044
IT_334289,2727
IT_334290,2744
IT_334302,3033
IT_334305,4797
IT_334357,3341
IT_334384,3618
IT_334390,3210
IT_334396,3518
IT_334415,3516
IT_334420,3354
IT_334430,3052
IT_334445,3178
IT_334472,3335
IT_334516,3303
IT_334517,3032
IT_334519,4797
IT_334539,2914
IT_334542,3305
IT_334547,3465
IT_334615,3642
IT_334642,3406
IT_334646,3516
IT_334651,3923
IT_334653,3354
IT_334654,3108
IT_334661,3446
IT_334667,3319
IT_334678,3046
IT_334737,4797
IT_334796,3340
IT_334826,2971
IT_334833,3210
IT_334836,3108
IT_334853,3517
IT_334854,3539
IT_334857,3405
IT_334861,3108
IT_334867,3154
IT_334961,3108
IT_334966,3354
IT_334967,3108
IT_334984,3049
IT_334992,3178
IT_335161,3540
IT_335163,3210
IT_335164,3406
IT_335170,3924
IT_335204,3425
IT_335259,2734
IT_335276,4797
IT_335307,3467
IT_335383,3108
IT_335393,3156
IT_335395,3540
IT_335399,3406
IT_335402,3516
IT_335407,3155
IT_335409,3108
IT_335433,3178
IT_335486,2440
IT_335492,3600
IT_335514,3468
IT_335583,3354
IT_335598,3405
IT_335604,3927
IT_335610,3447
IT_335626,3179
IT_335666,4797
IT_335733,3643
IT_335734,3213
IT_335737,3354
IT_335742,3212
IT_335748,3406
IT_335768,3178
IT_335791,2450
IT_335801,4797
IT_335854,3643
IT_335891,3714
IT_335912,2451
IT_335921,3032
IT_335924,4797
IT_335986,3083
IT_335998,2841
IT_335999,2971
IT_336002,3643
IT_336003,3211
IT_336019,3405
IT_336064,4798
IT_336074,3467
IT_336106,3643
IT_336112,3450
IT_336125,3179
IT_336150,3525
IT_336178,2577
IT_336183,3599
IT_336184,3032
IT_336246,3340
IT_336278,3642
IT_336291,3108
IT_336298,3518
IT_336302,3405
IT_336311,3643
IT_336313,3354
IT_336327,3739
IT_336338,3256
IT_336339,3507
IT_336384,2821
IT_336394,3679
IT_336395,3111
IT_336401,6425
IT_336413,2842
IT_336415,3298
IT_336421,3456
IT_336425,3383
IT_336431,3545
IT_336477,3594
IT_336479,3288
IT_336485,3432
IT_336499,3485
IT_336507,3709
IT_336535,3506
IT_336540,3257
IT_336620,3300
IT_336624,3463
IT_336643,3604
IT_336696,3293
IT_336701,3187
IT_336712,3289
IT_336715,3618
IT_336728,3711
IT_336729,3433
IT_336739,3129
IT_336799,2821
IT_336811,3111
IT_336846,3546
IT_336908,3433
IT_336916,3234
IT_336922,3619
IT_336926,3484
IT_336936,3188
IT_336945,3129
IT_336956,3256
IT_336991,2820
IT_337002,3111
IT_337023,3478
IT_337024,3059
IT_337082,3698
IT_337088,3289
IT_337094,3432
IT_337109,3482
IT_337132,3509
IT_337160,3118
IT_337185,3111
IT_337202,4987
IT_337212,3467
IT_337213,3072
IT_337280,3596
IT_337283,3291
IT_337284,3482
IT_337287,3594
IT_337384,3286
IT_337392,3596
IT_337393,3233
IT_337407,3507
IT_337474,3119
IT_337506,3424
IT_337524,3187
IT_337540,3188
IT_337598,3120
IT_337630,4987
IT_337653,3545
IT_337679,3420
IT_337711,3187
IT_337712,3186
IT_337715,3188
IT_337721,3233
IT_337789,3111
IT_337807,3301
IT_337870,3291
IT_337876,3187
IT_337880,3594
IT_337884,3188
IT_337887,3487
IT_337891,3594
IT_337983,3463
IT_338040,2920
IT_338045,3186
IT_338048,3290
IT_338066,3290
IT_338067,3485
IT_338070,3594
IT_338079,3525
IT_338169,3467
IT_338178,3544
IT_338183,3545
IT_338224,3289
IT_338238,3290
IT_338241,3187
IT_338244,3291
IT_338245,3485
IT_338248,3594
IT_338255,3233
IT_338351,3469
IT_338361,3546
IT_338393,3161
IT_338410,3186
IT_338427,3290
IT_338439,3595
IT_338443,3233
IT_338460,3257
IT_338461,3385
IT_338467,2853
IT_338504,3546
IT_338546,3710
IT_338557,3397
IT_338566,3257
IT_338589,3607
IT_338638,3479
IT_338689,3161
IT_338711,3289
IT_338715,3186
IT_338720,3432
IT_338733,3485
IT_338737,3594
IT_338742,3233
IT_338746,3233
IT_338766,3257
IT_338825,3111
IT_338836,5249
IT_338850,3384
IT_338855,3545
IT_338902,3699
IT_338905,3185
IT_338921,3290
IT_338924,3339
IT_338927,3487
IT_338931,3594
IT_339016,3111
IT_339025,5249
IT_339044,3733
IT_339087,3162
IT_339111,3721
IT_339120,3484
IT_339134,3488
IT_339138,3594
IT_339141,3596
IT_339146,3187
IT_339175,3389
IT_339257,3077
IT_339265,3546
IT_339303,3162
IT_339340,3594
IT_339347,3290
IT_339348,3488
IT_339352,3594
IT_339357,3708
IT_339390,3121
IT_339408,3415
IT_339452,4987
IT_339470,3546
IT_339527,3289
IT_339553,3488
IT_339559,3698
IT_339562,3710
IT_339564,3431
IT_339566,3234
IT_339643,3111
IT_339668,3474
IT_339676,3546
IT_339726,3289
IT_339730,3185
IT_339738,3186
IT_339748,3488
IT_339750,3594
IT_339752,3594
IT_339813,3546
IT_339848,3525
IT_339861,3258
IT_339889,3604
IT_339933,4989
IT_339937,3299
IT_339942,3482
IT_339943,3052
IT_340014,3432
IT_340026,3488
IT_340028,3594
IT_340030,3594
IT_340055,3508
IT_340129,4988
IT_340140,3471
IT_340187,3161
IT_340203,3700
IT_340230,3290
IT_340231,3489
IT_340234,3186
IT_340237,3597
IT_340239,3712
IT_340243,3188
IT_340248,3525
IT_340265,3258
IT_340332,4877
IT_340357,3473
IT_340362,3084
IT_340387,3322
IT_340447,3187
IT_340455,3595
IT_340462,3487
IT_340471,3713
IT_340514,3415
IT_340561,4988
IT_340578,3383
IT_340615,3608
IT_340625,3162
IT_340636,1293
IT_340652,3289
IT_340675,3291
IT_340676,3489
IT_340680,3594
IT_340689,3188
IT_340721,3451
IT_340722,3378
IT_340736,3367
IT_340783,4989
IT_340789,3477
IT_340799,3544
IT_340826,3417
IT_340831,3161
IT_340853,3583
IT_340858,3291
IT_340860,2917
IT_340862,3432
IT_340870,3234
IT_340887,3596
IT_340889,3713
IT_340921,3122
IT_340970,5236
IT_340985,3482
IT_340996,3546
IT_341044,3289
IT_341065,3618
IT_341070,3488
IT_341074,3595
IT_341079,3714
IT_341080,3233
IT_341142,3545
IT_341172,3187
IT_341179,3594
IT_341202,3123
IT_341217,3416
IT_341317,3289
IT_341327,3187
IT_341339,3488
IT_341346,3715
IT_341442,3467
IT_341488,3161
IT_341500,3049
IT_341507,3290
IT_341517,3188
IT_341519,3187
IT_341521,3234
IT_341522,3596
IT_341525,3618
IT_341531,3233
IT_341537,3716
IT_341541,3188
IT_341542,3233
IT_341595,3668
IT_341643,3434
IT_341653,3544
IT_341672,3606
IT_341686,3545
IT_341734,3488
IT_341743,3715
IT_341746,3188
IT_341747,3233
IT_341838,3469
IT_341841,3382
IT_341847,3547
IT_341878,3162
IT_341909,3188
IT_341915,3291
IT_341924,3491
IT_341926,3595
IT_341927,3188
IT_341928,3594
IT_341934,3233
IT_341935,3432
IT_341937,3188
IT_341943,3235
IT_341983,3493
IT_342026,5066
IT_342097,3800
IT_342099,3367
IT_342115,3673
IT_342131,3264
IT_342135,3674
IT_342136,3793
IT_342144,3314
IT_342287,3266
IT_342290,3367
IT_342299,3266
IT_342314,3368
IT_342316,3674
IT_342324,3259
IT_342325,3792
IT_342335,3313
IT_342367,3626
IT_342388,3675
IT_342425,3681
IT_342429,3582
IT_342472,3558
IT_342503,3500
IT_342509,3240
IT_342522,3672
IT_342525,3266
IT_342535,3507
IT_342542,3673
IT_342552,3264
IT_342553,3672
IT_342556,3794
IT_342559,3267
IT_342601,3679
IT_342650,3560
IT_342651,3810
IT_342656,3626
IT_342663,3683
IT_342707,3266
IT_342711,3367
IT_342723,3266
IT_342731,3674
IT_342733,3697
IT_342737,3567
IT_342739,3264
IT_342740,3673
IT_342744,3794
IT_342745,3311
IT_342750,3264
IT_342826,4942
IT_342899,3368
IT_342901,3673
IT_342925,3368
IT_342926,3564
IT_342932,3675
IT_342935,3311
IT_342946,3474
IT_343027,5067
IT_343032,3560
IT_343038,3624
IT_343098,3368
IT_343114,3369
IT_343126,3264
IT_343127,3672
IT_343132,3794
IT_343137,3266
IT_343141,3128
IT_343156,3588
IT_343191,3745
IT_343216,5209
IT_343237,3623
IT_343278,3265
IT_343312,3566
IT_343315,3672
IT_343323,3081
IT_343325,3263
IT_343334,3476
IT_343371,3746
IT_343402,5314
IT_343463,3962
IT_343477,3968
IT_343491,3674
IT_343498,3794
IT_343501,3266
IT_343553,3627
IT_343571,3571
IT_343584,3675
IT_343588,3674
IT_343591,3263
IT_343593,3128
IT_343629,3680
IT_343657,5326
IT_343670,3552
IT_343680,3619
IT_343705,3240
IT_343717,3672
IT_343729,3370
IT_343736,3266
IT_343746,3697
IT_343749,3567
IT_343757,3795
IT_343762,3264
IT_343765,3603
IT_343807,3746
IT_343839,5209
IT_343854,3509
IT_343890,3240
IT_343928,3675
IT_343933,3369
IT_343934,3568
IT_343936,3674
IT_343938,3672
IT_343997,3747
IT_344090,3673
IT_344095,3799
IT_344097,3367
IT_344107,3267
IT_344110,3674
IT_344121,3566
IT_344130,3796
IT_344133,3267
IT_344135,3264
IT_344138,3129
IT_344152,3585
IT_344216,5258
IT_344231,3558
IT_344271,3240
IT_344286,3967
IT_344291,3800
IT_344292,3489
IT_344316,3697
IT_344320,3264
IT_344321,3672
IT_344327,3312
IT_344330,3264
IT_344421,5322
IT_344467,3640
IT_344471,3240
IT_344474,4111
IT_344495,3367
IT_344508,3674
IT_344518,3864
IT_344522,3569
IT_344526,3672
IT_344529,3794
IT_344536,3605
IT_344574,3501
IT_344609,3427
IT_344613,3810
IT_344660,3571
IT_344684,3570
IT_344685,3674
IT_344693,3264
IT_344764,3128
IT_344773,3511
IT_344783,3672
IT_344788,3266
IT_344821,3580
IT_344845,5370
IT_344887,3506
IT_344891,3240
IT_344908,3799
IT_344936,3264
IT_344937,3672
IT_344944,3311
IT_344983,3879
IT_344985,3500
IT_345071,3240
IT_345098,3511
IT_345108,3314
IT_345117,3569
IT_345120,3265
IT_345125,3795
IT_345129,3266
IT_345301,3314
IT_345304,3570
IT_345307,3368
IT_345308,3569
IT_345317,3796
IT_345319,3512
IT_345350,3201
IT_345366,3745
IT_345394,5368
IT_345412,2682
IT_345451,3504
IT_345452,3241
IT_345475,3368
IT_345485,3511
IT_345488,3674
IT_345493,3315
IT_345498,3697
IT_345501,3569
IT_345504,3265
IT_345509,3311
IT_345510,3511
IT_345565,2352
IT_345582,5024
IT_345589,5430
IT_345601,3352
IT_345609,3497
IT_345616,3193
IT_345633,3240
IT_345650,3800
IT_345652,3368
IT_345656,3265
IT_345666,3265
IT_345678,3674
IT_345683,3569
IT_345687,3672
IT_345690,3675
IT_345692,3795
IT_345693,3312
IT_345700,3606
IT_345710,3155
IT_345740,3747
IT_345784,3533
IT_345828,3368
IT_345850,3778
IT_345851,3570
IT_345857,3265
IT_345866,3266
IT_345888,3200
IT_345942,3510
IT_345947,3779
IT_345950,3674
IT_345951,3672
IT_345984,3678
IT_345986,3747
IT_346073,3673
IT_346081,3368
IT_346091,3511
IT_346104,3570
IT_346108,3569
IT_346117,3796
IT_346147,3201
IT_346255,3265
IT_346258,3368
IT_346276,3778
IT_346281,3674
IT_346283,3673
IT_346284,3778
IT_346293,3606
IT_346389,3687
IT_346412,3241
IT_346428,3266
IT_346429,3571
IT_346432,3367
IT_346444,3267
IT_346453,3779
IT_346459,3368
IT_346460,3569
IT_346464,3673
IT_346467,3675
IT_346469,3795
IT_346476,3128
IT_346510,3745
IT_346578,3266
IT_346583,3266
IT_346606,3673
IT_346676,5208
IT_346690,5432
IT_346746,3799
IT_346750,3265
IT_346777,3570
IT_346782,3672
IT_346787,3674
IT_346794,3265
IT_346886,3624
IT_346898,3685
IT_346926,3800
IT_346938,3511
IT_346953,3697
IT_346956,3571
IT_346960,3672
IT_346964,3674
IT_346966,3795
IT_346967,3311
IT_346974,3128
IT_346997,3228
IT_347010,3702
IT_347029,3344
IT_347035,3345
IT_347038,3857
IT_347042,3751
IT_347078,3758
IT_347179,3343
IT_347192,3159
IT_347198,3344
IT_347209,3856
IT_347214,3448
IT_347215,3649
IT_347218,3751
IT_347222,3753
IT_347231,3207
IT_347232,3683
IT_347234,3554
IT_347240,6807
IT_347269,3577
IT_347273,3825
IT_347295,3480
IT_347302,5288
IT_347321,3705
IT_347393,3649
IT_347401,3874
IT_347446,3000
IT_347525,3448
IT_347529,3857
IT_347536,3649
IT_347537,3390
IT_347542,3856
IT_347550,3685
IT_347650,3635
IT_347700,3443
IT_347704,3344
IT_347705,3449
IT_347715,3443
IT_347724,3649
IT_347726,3753
IT_347730,3858
IT_347732,3874
IT_347741,6807
IT_347760,3957
IT_347845,3583
IT_347849,3319
IT_347864,3878
IT_347866,3447
IT_347870,3344
IT_347893,3649
IT_347898,3647
IT_347906,3876
IT_347918,6806
IT_348028,3877
IT_348031,3446
IT_348042,3344
IT_348062,3343
IT_348065,3857
IT_348067,3753
IT_348082,6807
IT_348084,3237
IT_348123,3703
IT_348150,3753
IT_348156,3345
IT_348157,3344
IT_348162,6807
IT_348242,3637
IT_348257,3764
IT_348287,3752
IT_348296,3449
IT_348318,3648
IT_348322,3751
IT_348339,6807
IT_348370,3827
IT_348400,5138
IT_348404,5452
IT_348428,3701
IT_348482,3652
IT_348495,3857
IT_348496,3753
IT_348502,3647
IT_348506,3751
IT_348508,3857
IT_348511,3875
IT_348515,3345
IT_348516,3391
IT_348526,6807
IT_348557,3583
IT_348599,5101
IT_348608,3704
IT_348617,3893
IT_348650,3878
IT_348652,3447
IT_348661,3590
IT_348692,3344
IT_348695,3207
IT_348714,3281
IT_348728,3641
IT_348792,3432
IT_348842,3447
IT_348851,3590
IT_348853,3345
IT_348857,3753
IT_348866,3856
IT_348870,3753
IT_348872,3751
IT_348877,3875
IT_348878,3390
IT_348880,3345
IT_348882,3344
IT_348884,3211
IT_348948,5593
IT_348971,3704
IT_348972,3702
IT_349018,3447
IT_349048,3753
IT_349055,3874
IT_349060,3158
IT_349063,3207
IT_349083,3280
IT_349135,3638
IT_349140,3704
IT_349166,3345
IT_349171,3650
IT_349172,3878
IT_349184,3344
IT_349189,3448
IT_349191,3752
IT_349197,3648
IT_349207,3345
IT_349208,3391
IT_349211,3753
IT_349212,3207
IT_349219,3236
IT_349283,3590
IT_349285,3345
IT_349297,3751
IT_349301,3390
IT_349331,3758
IT_349333,3824
IT_349414,3319
IT_349429,3446
IT_349443,3753
IT_349451,3752
IT_349454,4150
IT_349456,3448
IT_349457,3649
IT_349461,3751
IT_349464,3753
IT_349466,3874
IT_349469,3345
IT_349510,3577
IT_349514,3824
IT_349620,3344
IT_349622,3649
IT_349624,3446
IT_349653,3649
IT_349655,3753
IT_349661,3875
IT_349662,3390
IT_349675,3237
IT_349757,5511
IT_349771,3431
IT_349804,3345
IT_349834,3857
IT_349841,3649
IT_349848,3754
IT_349850,3875
IT_349854,3343
IT_349857,3206
IT_349895,3758
IT_349980,3321
IT_349997,3650
IT_349998,3878
IT_350005,3449
IT_350021,3649
IT_350025,3649
IT_350027,3753
IT_350035,3160
IT_350037,3344
IT_350139,3616
IT_350183,3345
IT_350190,3878
IT_350197,3345
IT_350202,3147
IT_350203,3343
IT_350204,3652
IT_350216,3393
IT_350225,3648
IT_350228,3343
IT_350229,3751
IT_350234,3875
IT_350235,3390
IT_350239,3344
IT_350246,3555
IT_350361,3320
IT_350379,3447
IT_350397,3753
IT_350410,3648
IT_350414,3751
IT_350420,3875
IT_350440,3759
IT_350484,3702
IT_350497,3752
IT_350501,3449
IT_350519,3753
IT_350594,5450
IT_350631,3764
IT_350658,3878
IT_350661,3447
IT_350666,3450
IT_350690,3648
IT_350694,3751
IT_350695,3858
IT_350699,3876
IT_350772,5286
IT_350774,5452
IT_350789,3635
IT_350833,3345
IT_350834,3856
IT_350836,3752
IT_350841,3878
IT_350843,3447
IT_350845,3752
IT_350847,3343
IT_350863,3857
IT_350866,3777
IT_350870,3448
IT_350871,3649
IT_350878,3753
IT_350880,3875
IT_350888,3753
IT_350900,3231
IT_350923,3279
IT_350994,3274
IT_351034,3590
IT_351040,3343
IT_351044,3393
IT_351051,3856
IT_351054,3649
IT_351057,3751
IT_351060,3753
IT_351062,3877
IT_351063,3590
IT_351064,3345
IT_351068,3392
IT_351098,3665
IT_351188,3345
IT_351194,3346
IT_351195,3649
IT_351196,3879
IT_351200,3752
IT_351206,3754
IT_351214,3753
IT_351224,3856
IT_351226,3648
IT_351228,4048
IT_351239,3344
IT_351310,5032
IT_351313,6556
IT_351364,3321
IT_351400,3344
IT_351408,3392
IT_351411,3857
IT_351418,3448
IT_351419,3648
IT_351421,3754
IT_351422,3391
IT_351424,3751
IT_351427,3753
IT_351429,3876
IT_351430,3390
IT_351462,3283
IT_351481,3650
IT_351499,3539
IT_351541,3272
IT_351543,3763
IT_351565,3344
IT_351573,3753
IT_351659,3446
IT_351664,3344
IT_351670,3649
IT_351674,3751
IT_351772,3160
IT_351849,3703
IT_351866,3764
IT_351878,3321
IT_351894,3649
IT_351897,3447
IT_351902,3449
IT_351924,3649
IT_351925,3754
IT_351933,3590
IT_351937,3343
IT_352036,3715
IT_352041,3781
IT_352079,3424
IT_352081,3957
IT_352082,3831
IT_352090,3731
IT_352110,3727
IT_352118,3423
IT_352164,3660
IT_352221,3717
IT_352243,3842
IT_352263,3285
IT_352266,3423
IT_352274,3425
IT_352276,3527
IT_352282,3669
IT_352284,3832
IT_352300,3935
IT_352305,3832
IT_352307,3421
IT_352308,3830
IT_352314,3955
IT_352318,3424
IT_352319,3422
IT_352326,9704
IT_352360,3358
IT_352416,3716
IT_352421,3782
IT_352446,3399
IT_352465,3424
IT_352468,3956
IT_352470,3525
IT_352473,3422
IT_352474,3527
IT_352503,3934
IT_352508,3833
IT_352510,3525
IT_352513,3422
IT_352518,3955
IT_352522,3422
IT_352526,3764
IT_352597,3699
IT_352656,3520
IT_352668,3829
IT_352671,3936
IT_352677,3423
IT_352681,4127
IT_352729,3779
IT_352750,3646
IT_352754,3528
IT_352762,3935
IT_352773,3423
IT_352780,6884
IT_352782,3310
IT_352802,3842
IT_352815,3079
IT_352877,3841
IT_352910,3424
IT_352915,3831
IT_352925,3422
IT_352927,3669
IT_352941,3855
IT_352944,3728
IT_352947,3422
IT_352957,3423
IT_352965,9705
IT_352971,6885
IT_353011,5364
IT_353029,3705
IT_353034,3783
IT_353048,4141
IT_353065,3830
IT_353069,3727
IT_353075,3424
IT_353077,3528
IT_353079,3833
IT_353084,3423
IT_353096,3855
IT_353100,3728
IT_353103,3829
IT_353106,3831
IT_353111,3423
IT_353112,3468
IT_353124,6884
IT_353191,3712
IT_353193,3702
IT_353219,3399
IT_353230,3285
IT_353239,3525
IT_353244,3528
IT_353247,3422
IT_353270,4023
IT_353279,3929
IT_353281,3424
IT_353327,3657
IT_353370,3721
IT_353373,3713
IT_353377,3782
IT_353393,3842
IT_353431,3727
IT_353432,3957
IT_353437,3425
IT_353439,3528
IT_353459,3305
IT_353462,3728
IT_353465,3829
IT_353475,3424
IT_353504,3362
IT_353524,3903
IT_353551,5111
IT_353555,5363
IT_353571,3714
IT_353576,3782
IT_353581,3839
IT_353605,3399
IT_353641,3668
IT_353659,3934
IT_353662,3728
IT_353667,3422
IT_353672,3954
IT_353673,3468
IT_353689,6885
IT_353719,3907
IT_353760,3781
IT_353782,3398
IT_353801,3525
IT_353803,3831
IT_353822,3472
IT_353826,3855
IT_353831,3728
IT_353834,3422
IT_353893,3783
IT_353901,3398
IT_353913,3831
IT_353915,3528
IT_353920,3668
IT_353938,3424
IT_353939,3422
IT_353947,6885
IT_353972,3837
IT_353988,3617
IT_354010,3540
IT_354064,3424
IT_354066,3284
IT_354070,3424
IT_354081,3528
IT_354087,3730
IT_354088,3668
IT_354091,3423
IT_354094,3421
IT_354101,3934
IT_354111,3829
IT_354117,3954
IT_354183,3349
IT_354189,5364
IT_354214,3780
IT_354231,3841
IT_354267,3820
IT_354272,3528
IT_354277,3669
IT_354297,3833
IT_354299,3829
IT_354305,3955
IT_354307,3423
IT_354325,3310
IT_354403,3781
IT_354418,3352
IT_354447,3470
IT_354457,3528
IT_354469,3831
IT_354474,3935
IT_354482,3729
IT_354487,3423
IT_354495,3423
IT_354571,3716
IT_354598,3842
IT_354629,3470
IT_354630,3423
IT_354636,3526
IT_354641,3528
IT_354643,3833
IT_354647,3668
IT_354666,3729
IT_354670,3423
IT_354674,3832
IT_354676,3955
IT_354677,3468
IT_354680,3424
IT_354769,3780
IT_354786,3841
IT_354813,3285
IT_354822,3525
IT_354840,3520
IT_354844,3935
IT_354848,3934
IT_354850,3526
IT_354851,3728
IT_354868,3832
IT_354892,3647
IT_354926,5589
IT_354976,3831
IT_354985,3424
IT_355014,3936
IT_355067,3783
IT_355079,3399
IT_355100,3935
IT_355106,3829
IT_355111,3833
IT_355129,3362
IT_355200,3842
IT_355228,3831
IT_355234,3831
IT_355240,3527
IT_355251,3422
IT_355258,3935
IT_355265,3729
IT_355267,3832
IT_355269,3829
IT_355274,3955
IT_355277,3423
IT_355344,3782
IT_355360,3842
IT_355388,3424
IT_355395,3424
IT_355397,3527
IT_355420,3829
IT_355426,3422
IT_355447,3360
IT_355467,3904
IT_355491,5364
IT_355506,3715
IT_355536,3398
IT_355555,3471
IT_355556,3424
IT_355559,3525
IT_355593,3422
IT_355599,3956
IT_355629,3362
IT_355683,3780
IT_355693,3842
IT_355713,1155
IT_355717,3471
IT_355723,3526
IT_355730,3834
IT_355751,3935
IT_355754,3729
IT_355756,3833
IT_355757,3422
IT_355765,3424
IT_355766,3522
IT_355767,3468
IT_355853,3703
IT_355859,3781
IT_355868,3532
IT_355874,3841
IT_355883,3398
IT_355894,3424
IT_355908,3528
IT_355910,3833
IT_355935,3728
IT_355945,3954
IT_355947,3670
IT_355949,3468
IT_356017,6663
IT_356037,3785
IT_356038,3781
IT_356084,3831
IT_356109,3934
IT_356113,3934
IT_356116,3728
IT_356119,3829
IT_356129,3423
IT_356130,3468
IT_356168,5111
IT_356178,3780
IT_356197,3470
IT_356211,3935
IT_356218,3936
IT_356222,3423
IT_356262,3725
IT_356359,3730
IT_356380,3729
IT_356390,3955
IT_356396,3471
IT_356397,3470
IT_356398,3762
IT_356401,9707
IT_356430,3524
IT_356442,3839
IT_356462,3617
IT_356467,5363
IT_356498,3842
IT_356507,3399
IT_356519,3424
IT_356522,3957
IT_356527,3528
IT_356530,3669
IT_356547,3728
IT_356552,3832
IT_356650,3714
IT_356653,3780
IT_356673,3398
IT_356692,3526
IT_356696,3528
IT_356723,3833
IT_356725,3422
IT_356726,3830
IT_356754,3929
IT_356807,3618
IT_356845,4136
IT_356849,3847
IT_356877,3424
IT_356881,3831
IT_356887,3528
IT_356900,3472
IT_356913,3833
IT_356916,3423
IT_356918,3936
IT_356920,3832
IT_356922,3956
IT_356924,3424
IT_356925,3469
IT_356929,3470
IT_356931,3281
IT_357002,5216
IT_357014,5222
IT_357020,3719
IT_357022,3712
IT_357027,3780
IT_357081,3425
IT_357097,3471
IT_357108,3935
IT_357114,3524
IT_357116,3829
IT_357119,3936
IT_357121,3831
IT_357122,3956
IT_357131,3762
IT_357147,3699
IT_357161,3437
IT_357168,3983
IT_357169,3810
IT_357182,3696
IT_357184,5189
IT_357211,3859
IT_357225,3919
IT_357232,3478
IT_357259,3501
IT_357261,3746
IT_357271,3603
IT_357280,3806
IT_357284,3908
IT_357286,3618
IT_357291,3501
IT_357336,5295
IT_357379,3910
IT_357426,3696
IT_357470,3920
IT_357488,3363
IT_357497,3605
IT_357507,4041
IT_357512,3550
IT_357515,4013
IT_357518,3932
IT_357526,3500
IT_357527,3908
IT_357533,3547
IT_357552,4007
IT_357602,3696
IT_357606,5295
IT_357632,3859
IT_357645,3920
IT_357667,4036
IT_357669,3604
IT_357687,3933
IT_357695,3911
IT_357700,4037
IT_357750,3983
IT_357772,5189
IT_357774,5295
IT_357796,3563
IT_357802,3859
IT_357825,3925
IT_357849,3549
IT_357854,3910
IT_357855,3604
IT_357868,3502
IT_357877,4013
IT_357879,3933
IT_357889,3908
IT_357894,4037
IT_357920,3440
IT_357935,3735
IT_357963,3988
IT_357966,5294
IT_357973,5960
IT_357985,3571
IT_358008,3920
IT_358023,4347
IT_358040,3606
IT_358062,3911
IT_358090,3988
IT_358093,5440
IT_358127,4219
IT_358133,3477
IT_358174,3916
IT_358178,3986
IT_358194,3988
IT_358217,3581
IT_358223,3858
IT_358237,3737
IT_358253,4203
IT_358254,3604
IT_358273,3653
IT_358282,4036
IT_358327,3424
IT_358330,5191
IT_358332,5295
IT_358357,3549
IT_358373,3654
IT_358379,3910
IT_358416,3919
IT_358433,3693
IT_358460,3984
IT_358477,3478
IT_358495,3502
IT_358501,3604
IT_358508,3912
IT_358519,3500
IT_358535,3912
IT_358536,3500
IT_358537,3908
IT_358542,4037
IT_358543,3547
IT_358545,3503
IT_358615,5295
IT_358621,5564
IT_358637,3792
IT_358659,3921
IT_358668,3478
IT_358685,3806
IT_358691,3798
IT_358694,3909
IT_358695,3912
IT_358697,3747
IT_358704,3550
IT_358707,3807
IT_358717,3908
IT_358723,4035
IT_358794,3988
IT_358796,5189
IT_358798,5296
IT_358847,3745
IT_358853,3477
IT_358871,3549
IT_358873,4035
IT_358875,3909
IT_358878,3910
IT_358881,3607
IT_358886,3747
IT_358902,3653
IT_358910,3500
IT_358918,3548
IT_358925,3842
IT_358950,3437
IT_358964,3739
IT_359010,3797
IT_359025,3921
IT_359037,3924
IT_359044,3478
IT_359067,3604
IT_359076,3501
IT_359099,3911
IT_359101,3909
IT_359102,3501
IT_359107,4035
IT_359109,3502
IT_359110,3548
IT_359116,3549
IT_359125,3388
IT_359175,3988
IT_359177,5190
IT_359183,5440
IT_359202,3858
IT_359208,3915
IT_359223,4034
IT_359230,3477
IT_359244,3502
IT_359249,3502
IT_359259,3605
IT_359273,3909
IT_359278,3550
IT_359290,3911
IT_359291,3500
IT_359292,3908
IT_359308,3838
IT_359357,3988
IT_359360,5295
IT_359364,3805
IT_359365,3794
IT_359370,3859
IT_359384,3919
IT_359392,3478
IT_359401,4013
IT_359405,3549
IT_359406,3502
IT_359421,3747
IT_359431,3606
IT_359437,3605
IT_359442,3501
IT_359443,3908
IT_359446,4015
IT_359447,3910
IT_359454,3549
IT_359496,5190
IT_359511,3477
IT_359520,3550
IT_359537,3948
IT_359549,3501
IT_359562,3917
IT_359579,3432
IT_359594,3159
IT_359600,3988
IT_359605,5752
IT_359654,3478
IT_359671,3549
IT_359675,4036
IT_359685,3912
IT_359692,3501
IT_359699,3551
IT_359702,4013
IT_359710,3911
IT_359711,3501
IT_359718,4034
IT_359720,3502
IT_359729,3711
IT_359764,3434
IT_359794,3988
IT_359795,5189
IT_359797,5294
IT_359816,3799
IT_359823,3862
IT_359848,3478
IT_359862,3502
IT_359863,4014
IT_359866,3549
IT_359867,3502
IT_359879,3912
IT_359883,3502
IT_359894,3934
IT_359904,3909
IT_359905,3501
IT_359910,4035
IT_359913,3502
IT_359915,3501
IT_359919,4085
IT_359927,3388
IT_359932,4009
IT_359972,3158
IT_359978,3988
IT_360000,3794
IT_360001,3554
IT_360006,3589
IT_360021,3920
IT_360044,3363
IT_360047,3550
IT_360053,3605
IT_360069,3910
IT_360074,3552
IT_360097,4034
IT_360142,3984
IT_360156,3161
IT_360163,5295
IT_360183,3792
IT_360190,3859
IT_360216,3477
IT_360235,3910
IT_360240,3807
IT_360254,3747
IT_360260,3910
IT_360274,3606
IT_360287,4034
IT_360289,3502
IT_360306,3388
IT_360358,5439
IT_360363,5041
IT_360378,4055
IT_360398,3921
IT_360424,4013
IT_360428,3502
IT_360434,3605
IT_360449,3502
IT_360461,4014
IT_360466,4013
IT_360481,4034
IT_360483,3748
IT_360526,3434
IT_360566,3539
IT_360570,4156
IT_360603,3549
IT_360610,3604
IT_360634,4013
IT_360636,3933
IT_360643,3911
IT_360645,3909
IT_360648,4016
IT_360652,4033
IT_360655,3502
IT_360697,5189
IT_360713,3478
IT_360722,3909
IT_360724,3910
IT_360726,3606
IT_360731,3502
IT_360748,3502
IT_360749,3501
IT_360814,3533
IT_360817,3859
IT_360842,3478
IT_360863,4035
IT_360867,3604
IT_360869,3911
IT_360872,3606
IT_360895,3605
IT_360901,3908
IT_360907,4034
IT_360909,3503
IT_360912,3911
IT_360951,3434
IT_360954,3919
IT_360956,3982
IT_360974,5190
IT_360999,3538
IT_361004,4153
IT_361015,3430
IT_361017,3920
IT_361037,3502
IT_361048,3605
IT_361053,3600
IT_361066,3552
IT_361080,3911
IT_361083,3909
IT_361084,3501
IT_361087,3911
IT_361089,4034
IT_361106,4009
IT_361131,3738
IT_361153,3803
IT_361174,3562
IT_361179,3859
IT_361220,4013
IT_361223,3550
IT_361226,3604
IT_361256,3911
IT_361258,3909
IT_361264,4034
IT_361266,3502
IT_361273,3845
IT_361313,3508
IT_361316,5295
IT_361337,3794
IT_361338,3557
IT_361358,3431
IT_361360,3921
IT_361392,3606
IT_361406,3613
IT_361415,4016
IT_361418,4035
IT_361471,5294
IT_361473,5439
IT_361513,3921
IT_361525,3772
IT_361538,3503
IT_361554,3606
IT_361566,3910
IT_361569,3552
IT_361570,3501
IT_361593,4034
IT_361594,3547
IT_361595,3747
IT_361603,3360
IT_361634,3424
IT_361651,3554
IT_361656,4155
IT_361668,3921
IT_361691,3502
IT_361694,3604
IT_361699,3910
IT_361719,4012
IT_361723,3502
